"DeviceAlias","DateLastSeen"
"BBWIN10-2","10/31/2021 3:25:10 AM"
"HEFFNB7P2D","10/31/2021 3:25:10 AM"
"HEHK50FW2D","10/6/2021 3:04:53 PM"
"HEGKXPPX2D","10/6/2021 3:04:53 PM"
"HE75D4TG2L","11/18/2021 10:52:38 AM"
"SIGNATUREGPGM2","11/18/2021 10:52:38 AM"
"HEB5ZMCS2D","11/18/2021 10:52:38 AM"
"HECD7N7Y2L","11/16/2021 10:50:35 AM"
"HE14NFSN2L","11/16/2021 10:50:35 AM"
"HEFFT37P2D","11/16/2021 10:50:35 AM"
"HE9FMJ5S2L","11/16/2021 10:50:35 AM"
"HEDK8NLQ2L","11/16/2021 10:50:35 AM"
"HE6W5BTG2L","11/16/2021 10:50:35 AM"
"HEHM8SNH2L","11/17/2021 6:14:55 PM"
"HE3F54PH2L","11/17/2021 6:14:55 PM"
"HEHZYF7Y2L","11/17/2021 6:14:55 PM"
"HE6P8DDV2D","11/17/2021 6:14:55 PM"
"HE2RNZ7M2L","11/17/2021 6:14:55 PM"
"HEHX5KRV2L","11/17/2021 6:14:55 PM"
"HEGL2PPX2D","11/17/2021 6:14:55 PM"
"HE41SDTG2L","10/1/2021 10:48:31 AM"
"HE238BTG2L","10/8/2021 8:56:15 AM"
"HEGJWRPX2D","10/3/2021 11:14:27 AM"
"HE6P9BDV2D","10/3/2021 11:14:27 AM"
"HEB5XJCS2D","10/3/2021 11:14:27 AM"
"HEBP7BTG2L","10/3/2021 11:14:27 AM"
"HE7CL8ZM2L","9/30/2021 6:32:38 AM"
"HEGBSF7Y2L","9/30/2021 6:32:38 AM"
"HE7F941T2D","9/30/2021 6:32:38 AM"
"HEGXRDTG2L","10/21/2021 8:07:20 AM"
"HE9HKT7X2D","11/8/2021 9:13:06 AM"
"HE-5TK37G3","11/17/2021 10:16:20 PM"
"HEF63VSG2L","11/17/2021 10:16:20 PM"
"HEFBJG7Y2L","11/17/2021 10:16:20 PM"
"HE2316QH2L","11/17/2021 10:16:20 PM"
"HE1YWC0S2D","11/17/2021 10:16:20 PM"
"HE1YNJ0S2D","11/17/2021 10:16:20 PM"
"HE8S4V7X2D","9/27/2021 11:41:49 AM"
"HEDV25FF3D","9/27/2021 11:41:49 AM"
"HEJ4M5MN2D","9/27/2021 11:41:49 AM"
"HE9HNR7X2D","9/27/2021 11:41:49 AM"
"HE1DYV5S2L","10/7/2021 1:47:38 PM"
"HEBTY3453L","11/18/2021 1:19:56 PM"
"HED8HYDW2D","11/18/2021 1:19:56 PM"
"HE20VQDW2D","11/18/2021 1:19:56 PM"
"HE-GNR37G3","11/17/2021 3:08:19 PM"
"HE1YTJ0S2D","11/17/2021 3:08:19 PM"
"HE6H5YYX2L","11/17/2021 3:08:19 PM"
"HE8JG1ZX2L","11/17/2021 3:08:19 PM"
"HEJ1116S2L","11/17/2021 3:08:19 PM"
"WINDOWS-OPAG3L6","11/17/2021 3:08:19 PM"
"HE6N4NJM2L","11/17/2021 3:08:19 PM"
"HE3RVCQV2L","11/17/2021 3:08:19 PM"
"HE7PTXZV2D","11/17/2021 3:08:19 PM"
"HEBKK4PH2L","11/18/2021 12:37:58 PM"
"HEPC09S6GJL","11/18/2021 12:37:58 PM"
"HEFQK89Y2L","10/1/2021 8:38:03 AM"
"HEJ8Z1HP2D","10/1/2021 8:38:03 AM"
"HE1PNXZB3D","10/29/2021 1:00:27 AM"
"HE6X9VMQ2L","11/18/2021 8:03:46 AM"
"HEGJSNPX2D","11/18/2021 8:03:46 AM"
"HEHM0W5Q2L","11/18/2021 8:03:46 AM"
"HE-FTQ47G3","11/18/2021 8:03:46 AM"
"HEGG1V0M2D","11/18/2021 8:03:46 AM"
"HE1RJYMH2L","11/18/2021 8:03:46 AM"
"HE2Y5JPX2D","11/18/2021 8:03:46 AM"
"HEGKVRPX2D","11/18/2021 8:03:46 AM"
"HEGG5R0M2D","11/18/2021 8:03:46 AM"
"HE30X2YM2L","11/18/2021 8:03:46 AM"
"HE17RVYW2L","9/30/2021 6:11:14 PM"
"HE96HWHR2L","9/30/2021 6:11:14 PM"
"HE2C16QH2L","10/2/2021 9:33:50 AM"
"VDI-VERTEX02","11/8/2021 7:18:49 PM"
"HE1DSVSG2L","11/8/2021 7:18:49 PM"
"HEGKVVPX2D","11/8/2021 7:18:49 PM"
"HE1YLM0S2D","11/8/2021 7:18:49 PM"
"HE1YMH0S2D","11/8/2021 7:18:49 PM"
"HE1P19GQ2D1","11/8/2021 7:18:49 PM"
"HEFVFB3M2L","11/8/2021 7:18:49 PM"
"HEGJSTPX2D","11/8/2021 7:18:49 PM"
"HE4LDJSN2L","11/17/2021 8:45:18 AM"
"HE2NQ9DW2D","11/17/2021 8:45:18 AM"
"HEJ27BTG2L","11/16/2021 7:01:16 PM"
"HE4TCSHV2D","11/16/2021 7:01:16 PM"
"HEDZ00TG2L","10/1/2021 7:21:01 AM"
"HEGKWSPX2D","11/17/2021 5:15:21 PM"
"HE1YVJ0S2D","11/17/2021 5:15:21 PM"
"HEC3YDTG2L","10/5/2021 6:53:45 AM"
"HEGL1PPX2D","11/11/2021 4:14:36 PM"
"HEG6PXSG2L","11/11/2021 4:14:36 PM"
"HE5BPJMQ2L","11/18/2021 10:02:39 AM"
"HEHK45FW2D","11/18/2021 10:02:39 AM"
"HEJ27V8B3D","11/12/2021 4:44:35 PM"
"HEB7KJGB3L","11/15/2021 3:07:14 PM"
"HEBYBYSG2L","11/15/2021 9:56:43 AM"
"HE1647QH2L","11/15/2021 9:56:43 AM"
"HEGKTVPX2D","11/15/2021 9:56:43 AM"
"HE7YBYSG2L","11/18/2021 1:14:35 PM"
"HEBN4MJR2L","11/18/2021 1:14:35 PM"
"HEGJVPPX2D","11/18/2021 1:14:35 PM"
"HEDTQDTG2L","11/18/2021 1:14:35 PM"
"HE3KG7FB3L","11/18/2021 1:14:35 PM"
"HE9WGRSG2L","11/18/2021 1:14:35 PM"
"HE6P6BDV2D","11/18/2021 1:14:35 PM"
"HE2Y6CPX2D","11/18/2021 1:14:35 PM"
"HE448VDW2D","11/18/2021 1:14:35 PM"
"HEGXCJQV2L","11/18/2021 1:14:35 PM"
"HEF3YMG92L","11/18/2021 1:14:35 PM"
"HEGJV83Y2D","11/18/2021 1:14:35 PM"
"HE4BQ83X2L","11/18/2021 1:14:35 PM"
"HEHDJG7Y2L","10/3/2021 11:54:32 PM"
"HEC0SDTG2L","10/3/2021 11:54:32 PM"
"HE1YBM0S2D","10/3/2021 11:54:32 PM"
"HEBGRKRV2L","10/3/2021 11:54:32 PM"
"HEH48ZJR2L","11/13/2021 6:52:35 PM"
"HEGL1TPX2D","11/13/2021 6:52:35 PM"
"HEBN9TSG2L","9/30/2021 8:28:49 PM"
"HE6YDN7Y2L","9/30/2021 8:28:49 PM"
"HEHLCBMN2D","9/30/2021 8:28:49 PM"
"HE9NDXSG2L","9/30/2021 1:55:34 PM"
"HE5WNCQV2L","9/30/2021 1:55:34 PM"
"HE3BDTST2L","9/30/2021 1:55:34 PM"
"SIGNATURE01890","9/30/2021 1:55:34 PM"
"HEFDP1R53D","9/30/2021 1:55:34 PM"
"HEB7MY3F3L","9/30/2021 7:59:55 AM"
"HE6GL1453L","9/30/2021 7:59:55 AM"
"HEDZ8KGB3L","11/18/2021 11:41:41 AM"
"HEF8X5TG2L","11/17/2021 12:16:29 PM"
"HECCRYSG2L","11/17/2021 12:16:29 PM"
"HE-369G6G3","11/18/2021 1:32:48 PM"
"HE75X5QH2L","11/18/2021 12:26:03 PM"
"HE4FTZ5S2L","11/18/2021 12:26:03 PM"
"HE378QSG2L","11/18/2021 11:30:40 AM"
"HEJB2H7Y2L","10/1/2021 4:55:38 PM"
"HEB8X5TG2L","9/29/2021 9:56:09 AM"
"HE30WR8N2D","11/18/2021 1:28:25 PM"
"HEB5ZJCS2D","11/18/2021 1:28:25 PM"
"HEBHX3Z23D","11/18/2021 1:28:25 PM"
"HE71PVMQ2L","11/18/2021 1:28:25 PM"
"HE84YDTG2L","11/18/2021 12:20:57 PM"
"HEG9VVYX2L","11/17/2021 6:15:35 PM"
"VDI-ERPMENU-7","11/17/2021 6:15:35 PM"
"HECYJ1QQ2L","11/17/2021 6:15:35 PM"
"HECC84RV2L","11/16/2021 10:17:45 AM"
"HE32NCQV2L","11/16/2021 10:17:45 AM"
"HE7W3PYX2L","11/16/2021 10:17:45 AM"
"HEJ40S8N2L","11/16/2021 10:17:45 AM"
"HE6JG1ZX2L","11/18/2021 1:01:31 PM"
"HE9H5YYX2L","11/16/2021 6:56:12 AM"
"HEGKXQPX2D","11/16/2021 6:56:12 AM"
"HEF6BBTG2L","11/16/2021 11:06:00 AM"
"HEB93QSG2L","11/18/2021 12:34:16 PM"
"HEDXR3453L","10/1/2021 7:16:32 AM"
"HEGJSFYX2L","10/1/2021 7:16:32 AM"
"HE1Y6K0S2D","10/1/2021 7:16:32 AM"
"HEC18HTG2L","10/1/2021 7:16:32 AM"
"HE1KY3453L","10/1/2021 7:16:32 AM"
"HE1H5YYX2L","9/30/2021 3:48:23 PM"
"HE5LBG7Y2L","9/30/2021 3:48:23 PM"
"HEGJS63Y2D","9/30/2021 3:48:23 PM"
"HE5PLJZM2L","11/18/2021 12:32:09 PM"
"HE2YBYSG2L","11/16/2021 8:39:59 AM"
"HE-9ZT37G3","11/1/2021 6:02:50 PM"
"HE8PZJ5S2L","11/1/2021 6:02:50 PM"
"HE3K3WYW2L","10/12/2021 11:36:10 AM"
"HE9KR37P2D","10/12/2021 11:36:10 AM"
"HEBKJP5S2L","10/12/2021 11:36:10 AM"
"VDI-HACKETT-01","10/12/2021 11:36:10 AM"
"HEJHG1ZX2L","10/7/2021 2:39:59 AM"
"HEGKVTPX2D","10/7/2021 2:39:59 AM"
"HEGL293Y2D","10/7/2021 2:39:59 AM"
"HEBZRDTG2L","11/11/2021 4:27:01 PM"
"HEMJ01XASPD","11/11/2021 4:27:01 PM"
"HEDWSJ5S2L","11/11/2021 4:27:01 PM"
"HE8ZQDTG2L","9/18/2021 1:00:48 AM"
"HEGYRDTG2L","9/30/2021 6:13:27 PM"
"HE7B2Y3F3L","9/30/2021 6:13:27 PM"
"HE97JM4D3L","9/30/2021 6:13:27 PM"
"HE3YTFSN2L","9/30/2021 6:13:27 PM"
"HE8RCSSG2L","10/1/2021 6:57:40 AM"
"HE79JM4D3L","10/1/2021 6:57:40 AM"
"HEGKV73Y2D","10/1/2021 6:57:40 AM"
"HEJ8Z3PD2D","10/1/2021 6:57:40 AM"
"HE8S7S7X2D","10/29/2021 1:37:07 PM"
"HEB1JHXT2L","9/30/2021 4:03:18 PM"
"HEGFVBZV2D","9/30/2021 4:03:18 PM"
"HEB989RN2L","11/17/2021 6:30:11 PM"
"HE2NP9DW2D","11/17/2021 6:30:11 PM"
"HE15S7FB3L","11/17/2021 6:30:11 PM"
"HE-99KG3B3","11/17/2021 6:30:11 PM"
"HE1YMC0S2D","11/17/2021 6:30:11 PM"
"HE9CPJMQ2L","9/30/2021 6:19:56 PM"
"HE46CK5S2L","9/30/2021 6:19:56 PM"
"HE7F2H7Y2L","9/30/2021 6:19:56 PM"
"HEHQD3453L","11/18/2021 1:27:51 PM"
"HE238BTG2L","11/18/2021 1:27:51 PM"
"HEBFNMZD3L","11/18/2021 1:27:51 PM"
"SIGNATUREDBKQ2","11/18/2021 1:27:51 PM"
"HE9FHKZM2L","11/18/2021 1:27:51 PM"
"HE6P99DV2D","11/18/2021 1:27:51 PM"
"HE7N8XPV2L","11/18/2021 1:27:51 PM"
"HE8S6S7X2D","11/18/2021 1:27:51 PM"
"HE3K0VQN2L","11/18/2021 1:27:51 PM"
"hepc0kluuhl","11/18/2021 1:27:51 PM"
"HE20WQDW2D","11/18/2021 1:27:51 PM"
"HEFMFSBM2L","11/18/2021 1:27:51 PM"
"HE7D84RV2L","11/18/2021 1:27:51 PM"
"HE90SDTG2L","9/28/2021 1:15:27 PM"
"HEBCX2GQ2D","9/28/2021 1:15:27 PM"
"HE2C54453L","11/18/2021 1:25:00 PM"
"HEBDRGCS2D","11/12/2021 12:37:32 PM"
"HE5GLCQQ2L","10/1/2021 5:08:16 AM"
"HEGJSSPX2D","10/25/2021 9:38:00 AM"
"HE5WDRHR2L","10/25/2021 9:38:00 AM"
"HE8G8CQV2L","10/25/2021 9:38:00 AM"
"HEGMW3L33L","11/7/2021 7:28:25 AM"
"HEJ8Z2C62D","11/7/2021 7:28:25 AM"
"HE1YFL0S2D","11/7/2021 7:28:25 AM"
"HEDZCJQV2L","11/7/2021 7:28:25 AM"
"HE50SDTG2L","11/18/2021 9:40:08 AM"
"HE8S4W7X2D","11/18/2021 9:40:08 AM"
"HE8C702F3L","11/18/2021 10:25:08 AM"
"HEGKXVPX2D","10/1/2021 9:22:34 AM"
"HE985RSG2L","10/1/2021 9:22:34 AM"
"HEB77QSG2L","9/30/2021 3:24:06 PM"
"HEJ5RVYW2L","9/30/2021 3:24:06 PM"
"HE1BRJXT2L","9/30/2021 3:24:06 PM"
"SIGNATUREMVHN2","9/30/2021 3:24:06 PM"
"HE7NQ4NV2L","9/30/2021 3:24:06 PM"
"HEGCNKVP2L","10/20/2021 3:03:44 PM"
"HEDC71R73L","11/18/2021 12:03:00 PM"
"HE1YMG0S2D","11/16/2021 12:57:41 AM"
"HEGJW83Y2D","11/16/2021 12:57:41 AM"
"HE237BTG2L","11/16/2021 12:57:41 AM"
"HE9X7XSG2L","11/16/2021 12:57:41 AM"
"HEFM0HTG2L","11/16/2021 12:57:41 AM"
"HEDK0VQN2L","11/16/2021 12:57:41 AM"
"HE1YVH0S2D","11/16/2021 12:57:41 AM"
"HE9HHW7X2D","11/16/2021 12:57:41 AM"
"HE97KDPV2L","11/16/2021 12:57:41 AM"
"HE391QM93D","11/16/2021 12:57:41 AM"
"HEFJFFTG2L","11/16/2021 12:57:41 AM"
"HE448SDW2D","11/6/2021 12:56:01 PM"
"HE8HLCQQ2L","11/6/2021 12:56:01 PM"
"HE6T9GMV2L","11/12/2021 8:48:01 AM"
"HE8V1DQV2L","11/12/2021 8:48:01 AM"
"HE5CMJ5S2L","11/18/2021 1:16:16 PM"
"HEHLCHMN2D","11/18/2021 1:16:16 PM"
"HEHB7XMN2D","11/18/2021 1:16:16 PM"
"HE1Z1F0S2D","11/18/2021 1:16:16 PM"
"HEBDVLXT2L","11/18/2021 1:16:16 PM"
"HE5LTSA42014L","11/18/2021 1:16:16 PM"
"HEFN2VJM2L","11/18/2021 12:38:19 PM"
"HEF08HTG2L","11/17/2021 2:33:17 PM"
"HE1W8YVT2L","11/17/2021 2:33:17 PM"
"HEJ3D4TG2L","11/17/2021 2:33:17 PM"
"TST-IS-CVM03","11/17/2021 2:33:17 PM"
"HE9BTTC14656L","11/17/2021 2:33:17 PM"
"HEH3KPYM2L","11/17/2021 2:33:17 PM"
"HEJ7D9QH2L","11/17/2021 2:33:17 PM"
"HE91SDTG2L","11/17/2021 2:33:17 PM"
"HE9YTSSG2L","11/17/2021 2:33:17 PM"
"HE8S3T7X2D","11/17/2021 2:33:17 PM"
"HED7YPSG2L","11/16/2021 4:20:25 PM"
"HEHB76CP2D","9/30/2021 5:49:45 PM"
"HE2P1GWT2L","10/1/2021 8:40:05 AM"
"HEH563453L","11/16/2021 4:18:48 PM"
"HE1PMVZB3D","11/16/2021 4:18:48 PM"
"HEC2X4Q73L","11/16/2021 4:18:48 PM"
"HED7YV5S2L","11/16/2021 4:18:48 PM"
"HEBYDJGB3L","11/16/2021 4:18:48 PM"
"HE9DFBSQ2L","11/16/2021 4:18:48 PM"
"HEB5ZLCS2D","11/16/2021 4:18:48 PM"
"HEGJS83Y2D","11/16/2021 4:18:48 PM"
"HEPC0LZVHML","11/16/2021 4:18:48 PM"
"HEF0JHXT2L","11/16/2021 4:18:48 PM"
"HE4DMJ5S2L","11/16/2021 4:18:48 PM"
"TST-IS-WINVM02","11/16/2021 4:18:48 PM"
"HE5X28FB3L","11/17/2021 1:46:08 PM"
"HE2NP7DW2D","11/17/2021 1:46:08 PM"
"HED22Y3F3L","11/7/2021 11:17:49 AM"
"HEHLCCMN2D","11/7/2021 11:17:49 AM"
"INF-UPSVM01","11/7/2021 11:17:49 AM"
"HEFYBYSG2L","11/18/2021 8:47:32 AM"
"HEDVVCQV2L","11/18/2021 8:47:32 AM"
"HEH0NFSN2L","11/18/2021 8:47:32 AM"
"HEHK53FW2D","11/18/2021 8:47:32 AM"
"HE2NPCDW2D","11/17/2021 2:31:53 PM"
"HEJ0XGTG2L","11/8/2021 11:49:42 AM"
"HE1YKF0S2D","11/8/2021 11:49:42 AM"
"GB-O365-TST","11/8/2021 11:49:42 AM"
"HE3KSF7Y2L","11/8/2021 11:49:42 AM"
"HED4G5QH2L","11/8/2021 11:49:42 AM"
"HE5MZYMV2L","10/1/2021 12:30:44 PM"
"HEHLBVMN2D","10/1/2021 12:30:44 PM"
"HE6VWG7Y2L","10/1/2021 12:30:44 PM"
"HE1JZ0453L","10/1/2021 12:30:44 PM"
"HE81YX4Q2L","11/12/2021 5:38:31 PM"
"HE961QM93D","11/12/2021 5:38:31 PM"
"HE7PS30W2D","11/12/2021 5:38:31 PM"
"HEF2P16Y2L","11/12/2021 5:38:31 PM"
"HEBSQDTG2L","11/12/2021 5:38:31 PM"
"HEJ8Z2M82D","11/12/2021 5:38:31 PM"
"HE5STQ9T2D","11/12/2021 5:38:31 PM"
"HE4NR4TG2L","11/12/2021 5:38:31 PM"
"HE16RDTG2L","11/18/2021 1:21:19 PM"
"HEHLC8MN2D","10/20/2021 4:37:12 PM"
"HE8Y88TG2L","10/18/2021 1:55:08 PM"
"HEGNGBXT2L","10/18/2021 1:55:08 PM"
"HEGKBM4D3L","11/18/2021 12:43:51 PM"
"HE6MZYMV2L","9/30/2021 3:49:25 PM"
"HEDNN6FB3L","9/30/2021 3:49:25 PM"
"HE3P8PLH2L","9/30/2021 3:49:25 PM"
"HE5B46TG2L","11/18/2021 11:37:46 AM"
"HE9ZDC8S2L","9/17/2021 3:05:03 PM"
"HEHY00TG2L","11/18/2021 7:11:42 AM"
"HEGZNVMQ2L","11/17/2021 5:04:47 PM"
"HE2Y5LPX2D","9/30/2021 3:49:27 PM"
"HE56S7FB3L","9/30/2021 3:49:27 PM"
"HEHNBM4D3L","9/30/2021 3:49:27 PM"
"HEC9DQ7S2L","9/30/2021 3:49:27 PM"
"HE7KXHXT2L","11/17/2021 7:33:37 PM"
"HE-D4RX5G3","11/18/2021 11:00:19 AM"
"SIGNATURE1CKQ2","11/18/2021 11:00:19 AM"
"HE9BTTC14724L","11/12/2021 4:27:02 PM"
"HE4Y3PYX2L","11/18/2021 8:20:11 AM"
"VDI-VERTEX06","11/18/2021 8:20:11 AM"
"HE9HPT7X2D","11/17/2021 12:46:43 PM"
"HE13SLTN2L","11/17/2021 12:46:43 PM"
"HE36CSDW2D","11/17/2021 12:46:43 PM"
"HE6WDN7Y2L","11/17/2021 12:46:43 PM"
"HEJSFXSQ2L","11/17/2021 12:46:43 PM"
"HE5HFFTG2L","11/18/2021 8:25:43 AM"
"HE3Z3PYX2L","9/30/2021 5:51:40 PM"
"HE6KZYMV2L","9/30/2021 5:51:40 PM"
"HE9HNT7X2D","9/30/2021 5:51:40 PM"
"HEHFVWYW2L","9/30/2021 5:51:40 PM"
"HE638BTG2L","9/30/2021 5:51:40 PM"
"HEG9JG7Y2L","9/30/2021 5:51:40 PM"
"HE19VVYX2L","11/18/2021 12:03:58 PM"
"HEHK60FW2D","11/18/2021 12:03:58 PM"
"HE3X7XSG2L","11/18/2021 12:03:58 PM"
"HEDDHYSG2L","10/29/2021 1:44:07 PM"
"HEGHGQPX2D","10/29/2021 1:44:07 PM"
"HEGJG1ZX2L","11/18/2021 9:25:34 AM"
"HE448BTG2L","11/18/2021 9:25:34 AM"
"HE1Z0J0S2D","11/18/2021 9:25:34 AM"
"HEJF54453L","11/18/2021 9:25:34 AM"
"HEGJSVPX2D","11/18/2021 9:25:34 AM"
"HE6P92BD3D","11/18/2021 9:25:34 AM"
"HEJ667TG2L","11/9/2021 10:44:40 AM"
"HE3J60SQ2L","11/18/2021 12:35:22 PM"
"HEGT8KDW2D","11/18/2021 12:35:22 PM"
"HE8H5Z3F3L","11/12/2021 4:06:32 PM"
"HEJYDN7Y2L","11/12/2021 4:06:32 PM"
"HE92RSSG2L","11/12/2021 4:06:32 PM"
"HE6P77DV2D","11/12/2021 4:06:32 PM"
"HEHK52FW2D","11/12/2021 4:06:32 PM"
"HEG4H1BT2D","11/12/2021 4:06:32 PM"
"HE6PB9DV2D","11/12/2021 4:06:32 PM"
"HEB3NFSN2L","11/12/2021 4:06:32 PM"
"HE9LN87P2D","11/2/2021 5:14:18 PM"
"HEG5HSSG2L","10/5/2021 12:04:19 PM"
"HEFQ0W5Q2L","10/5/2021 12:04:19 PM"
"HE2Y5NPX2D","10/5/2021 12:04:19 PM"
"HE1YYD0S2D","10/5/2021 12:04:19 PM"
"HE1YGH0S2D","10/5/2021 12:04:19 PM"
"HE3Y88TG2L","11/17/2021 3:36:55 PM"
"HE5ZRDTG2L","11/16/2021 7:33:37 PM"
"HEHSR7FB3L","11/17/2021 5:55:27 PM"
"GB_EO_MIG_TST","11/17/2021 5:55:27 PM"
"HEHLCRMN2D","11/17/2021 5:55:27 PM"
"HE90HWYW2L","11/17/2021 5:55:27 PM"
"HE1YBH0S2D","11/17/2021 5:55:27 PM"
"HECYSJ5S2L","11/17/2021 5:55:27 PM"
"HE7CL8ZM2L","11/17/2021 5:55:27 PM"
"HE7B6VCP2D","11/17/2021 5:55:27 PM"
"HE1YRD0S21D","11/17/2021 5:55:27 PM"
"HE8S5X7X2D","11/17/2021 5:55:27 PM"
"HEFXGRSG21L","11/17/2021 5:55:27 PM"
"HE4JFYYM2L","11/17/2021 5:55:27 PM"
"HE4C61ZW2L","11/16/2021 10:29:29 PM"
"NOC-WRKSTN-GB","9/21/2021 5:52:11 PM"
"HE8JNYP13L","9/21/2021 5:52:11 PM"
"HEHB77CP2D","10/2/2021 9:59:50 AM"
"HEGHFFTG2L","11/18/2021 12:00:59 PM"
"HE9HLS7X2D","11/18/2021 12:00:59 PM"
"HE24D4TG2L","11/18/2021 12:00:59 PM"
"HE6XCJQV2L","11/18/2021 12:00:59 PM"
"HE8T92BD3D","11/11/2021 7:49:33 AM"
"HE172H7Y2L","11/11/2021 7:49:33 AM"
"HEPC02L6GXL","10/2/2021 7:27:50 AM"
"HEFFR77P2D","10/2/2021 7:27:50 AM"
"adminisatorsmbp.ad.he-equipment.com","11/12/2021 7:38:13 PM"
"HE50T8QV2L","10/29/2021 1:00:22 AM"
"HEFLZRJR2L","10/29/2021 1:00:22 AM"
"HEBLQ8TG2L","10/7/2021 10:48:26 AM"
"HE4GB4TG2L","11/18/2021 11:44:11 AM"
"HEHLCMMN2D","11/18/2021 11:44:11 AM"
"HEC48BTG2L","9/29/2021 3:46:47 PM"
"HE1YLK0S2D","9/29/2021 3:46:47 PM"
"HEBW5B6Q2D","11/18/2021 12:50:17 PM"
"TST-IS-CVM08","11/18/2021 12:50:17 PM"
"HECT5DVT2L","9/17/2021 8:55:03 PM"
"HE3QK4NV2L","11/18/2021 9:30:42 AM"
"HE5Q0VQN2L","10/28/2021 3:15:05 PM"
"HEGJS73Y2D","10/28/2021 3:15:05 PM"
"HE1YWG0S2D","10/28/2021 3:15:05 PM"
"HEC1304F3L","11/11/2021 7:22:29 PM"
"HE1JY3453L","11/11/2021 7:22:29 PM"
"HE90YFSQ2L","11/8/2021 10:42:02 AM"
"HE8S3W7X2D","11/8/2021 10:42:02 AM"
"HEHLCGMN2D","10/2/2021 12:30:42 PM"
"HE7M2VJM2L","10/2/2021 12:30:42 PM"
"HE1YQF0S2D","10/2/2021 12:30:42 PM"
"HE4CPJMQ2L","10/2/2021 12:30:42 PM"
"HEGG2R0M2D","10/2/2021 12:30:42 PM"
"HECKKTST2L","10/2/2021 12:30:42 PM"
"HEGKV73Y2D","10/2/2021 12:30:42 PM"
"HE1RFDNH2L","10/2/2021 12:30:42 PM"
"HEJW00TG2L","11/16/2021 7:52:35 PM"
"HE782Y3F3L","11/16/2021 7:52:35 PM"
"HEDN3WYW2L","11/16/2021 7:52:35 PM"
"HEJZLMQN2L","10/1/2021 1:16:07 PM"
"HE9Z8VNF2L","10/1/2021 1:16:07 PM"
"HE9LDGMV2L","10/1/2021 1:16:07 PM"
"HE79Q4L33L","11/9/2021 8:15:51 PM"
"HEHBDTST2L","11/9/2021 8:15:51 PM"
"HE8S5Y7X2D","11/9/2021 8:15:51 PM"
"HE2RWG7Y2L","11/9/2021 8:15:51 PM"
"HE9HKX7X2D","11/9/2021 8:15:51 PM"
"HE1YJM0S2D","11/9/2021 8:15:51 PM"
"HE1ZQDTG2L","11/9/2021 8:15:51 PM"
"HEJ8Z21M2D","11/9/2021 8:15:51 PM"
"HEJSNSHM2L","11/18/2021 12:24:08 PM"
"HEFQ97FB3L","11/18/2021 12:24:08 PM"
"HE-B3YG6G3","11/18/2021 12:46:22 PM"
"HEJNSZ6S2L","11/18/2021 12:46:22 PM"
"HE618HTG2L","11/18/2021 12:46:22 PM"
"HEC5JWHR2L","9/30/2021 12:45:59 PM"
"HE9YR3453L","9/30/2021 12:45:59 PM"
"HECGX5QH2L","9/30/2021 12:45:59 PM"
"HE148HTG2L","9/29/2021 3:35:25 PM"
"HE-8N0Z5G3","9/29/2021 3:35:25 PM"
"HE4TCVHV2D","9/29/2021 3:35:25 PM"
"HEFFL67P2D","11/18/2021 7:48:01 AM"
"HE8W7XSG2L","11/18/2021 1:26:34 PM"
"HEHK3ZDW2D","11/18/2021 1:26:34 PM"
"HECSSSST2L","11/18/2021 1:26:34 PM"
"HE6Q39QV2L","11/5/2021 5:13:10 AM"
"HE14YDTG2L","11/18/2021 1:11:22 PM"
"HEGL8QHV2D","9/30/2021 9:58:56 AM"
"HEDP0W5Q2L","11/18/2021 1:08:49 PM"
"HE1YKK0S2D","11/18/2021 1:08:49 PM"
"HE8P9C0M2L","11/18/2021 1:08:49 PM"
"HE8NQ3L33L","11/18/2021 1:08:49 PM"
"HEJ8Z27J2D","11/18/2021 1:08:49 PM"
"HED7FLNF2L","11/18/2021 1:08:49 PM"
"HEHLC6MN2D","11/18/2021 1:30:33 PM"
"HE9SBS7S2L","11/18/2021 1:30:33 PM"
"HEH2VLCV2D","11/18/2021 1:30:33 PM"
"HE1T00TG2L","11/16/2021 12:43:45 PM"
"HEBZHGMV2L","9/17/2021 3:20:46 PM"
"HEGFTDZV2D","9/17/2021 3:20:46 PM"
"HEC22SSG2L","9/17/2021 3:20:46 PM"
"HEGKWRPX2D","9/17/2021 3:20:46 PM"
"HECG5YYX2L","11/18/2021 12:33:13 PM"
"HEDH5YYX2L","11/18/2021 11:50:47 AM"
"HEG9R4453L","11/18/2021 11:50:47 AM"
"HE-6MGK7G3","11/18/2021 11:42:16 AM"
"HEDB16QH2L","11/18/2021 11:42:16 AM"
"HE-9LF27G3","11/17/2021 3:23:39 PM"
"HE7KDGMV2L","11/18/2021 1:22:54 PM"
"HEBD66L33L","11/18/2021 1:22:54 PM"
"HEGC2H7Y2L","11/18/2021 1:22:54 PM"
"HEGG1R0M2D","9/30/2021 6:40:39 AM"
"HEG1NTCV2D","9/30/2021 6:40:39 AM"
"HE1K49NQ2L","9/30/2021 6:40:39 AM"
"HE1YGJ0S21D","9/30/2021 6:40:39 AM"
"HE-2LBF6G3","9/30/2021 6:40:39 AM"
"HVAC-VM","9/30/2021 6:40:39 AM"
"HE1PS5QH2L","9/30/2021 6:40:39 AM"
"HEDLV3L33L","9/30/2021 6:40:39 AM"
"HEBCX5GQ2D","9/30/2021 6:40:39 AM"
"SIGNATUREBFXD2","9/30/2021 6:40:39 AM"
"HE8WMW6S2L","9/30/2021 6:40:39 AM"
"HEHXXJGB3L","9/30/2021 6:40:39 AM"
"HEGKZ73Y2D","9/30/2021 6:40:39 AM"
"HEG3YMG92L","9/23/2021 5:41:30 PM"
"HEHM1VJM2L","11/13/2021 11:04:41 PM"
"HE9Z78FB3L","11/13/2021 11:04:41 PM"
"HEB7N4NV2L","11/13/2021 11:04:41 PM"
"HE1LKTST2L","11/12/2021 2:04:09 PM"
"HEGJV63Y2D","11/12/2021 2:04:09 PM"
"HED01JSN2L","11/12/2021 2:04:09 PM"
"HE9LXB7P2D","11/12/2021 2:04:09 PM"
"HE6P8BDV2D","11/15/2021 11:39:57 AM"
"HE-4LN26G3","11/15/2021 11:39:57 AM"
"HE65WPRQ2L","11/15/2021 11:39:57 AM"
"HE7J9WYM2L","11/17/2021 5:49:03 AM"
"HEDJZYMV2L","11/17/2021 5:49:03 AM"
"HE6BK93X2L","11/17/2021 5:49:03 AM"
"HE8946TG2L","11/17/2021 5:49:03 AM"
"HE8K8D6Y2L","11/17/2021 5:49:03 AM"
"HEFPBJVP2L","11/17/2021 5:49:03 AM"
"HE-9NWF7G3","11/10/2021 4:10:46 PM"
"HE91X4Q73L","11/10/2021 4:10:46 PM"
"AA-W10-VM2","11/10/2021 4:10:46 PM"
"HEFK55QV2L","11/10/2021 4:10:46 PM"
"HE1Z1L0S2D","11/10/2021 4:10:46 PM"
"HE7WQLST2L","11/10/2021 4:10:46 PM"
"HEG9Q1QQ2L","9/30/2021 1:00:43 AM"
"HEGG6P0M2D","9/30/2021 1:00:43 AM"
"RJH-8DMYPH2","9/30/2021 1:00:43 AM"
"HE2B46TG2L","9/30/2021 1:00:43 AM"
"HE6ATSA47030L","10/12/2021 1:58:59 PM"
"HE7X1RMH2L1","10/25/2021 7:14:26 AM"
"HECJFFTG2L","11/18/2021 11:25:00 AM"
"HEHWR3453L","11/17/2021 3:50:12 PM"
"HEBCX3GQ2D","11/17/2021 3:50:12 PM"
"HE8S3Z7X2D","11/17/2021 3:50:12 PM"
"HE3T3VPV2L","11/17/2021 2:57:55 AM"
"HE9HKW7X2D","11/17/2021 2:57:55 AM"
"HE7Z85L33L","11/17/2021 2:57:55 AM"
"HE9BTTC14744L","10/15/2021 1:00:48 AM"
"HEDCL3453L","10/15/2021 1:00:48 AM"
"HEGTTD6Y2L","10/1/2021 7:42:19 AM"
"HEGJSRPX2D","10/1/2021 7:42:19 AM"
"HEJRRSSG2L","10/1/2021 7:42:19 AM"
"HECN9QYM2L","11/18/2021 12:14:20 PM"
"HE-6KTM7G3","11/16/2021 11:18:17 AM"
"HEDPPYPH2L","11/16/2021 11:18:17 AM"
"HEG4J5QH2L","11/18/2021 12:07:34 PM"
"HEHLCPMN2D","9/30/2021 4:14:56 PM"
"HEFNDXSG2L","11/18/2021 10:31:42 AM"
"HE5S92BD3D","11/18/2021 10:31:42 AM"
"HEGSYN4Q2L","11/18/2021 10:31:42 AM"
"HEGKWNPX2D","9/30/2021 4:18:30 PM"
"HEDJG1ZX2L","11/18/2021 9:53:04 AM"
"HEFKX4ST2L","11/18/2021 9:53:04 AM"
"HE1Q8TSG2L","11/18/2021 9:53:04 AM"
"HEJ8Z1MP2D","11/18/2021 9:53:04 AM"
"HE1CN6L33L","11/13/2021 6:33:01 AM"
"VDI-ERPMENU-6","11/13/2021 6:33:01 AM"
"HEMG00JQGDD","11/13/2021 6:33:01 AM"
"HEGKZ63Y2D","11/13/2021 6:33:01 AM"
"HEHK32FW2D","11/13/2021 6:33:01 AM"
"HEHYQDTG2L","11/18/2021 8:44:49 AM"
"HE6P97DV2D","11/18/2021 8:44:49 AM"
"HE2PHNG92L","11/18/2021 8:44:49 AM"
"VDI-VERTEX04","10/25/2021 7:12:01 PM"
"HED19VSG2L","11/18/2021 7:22:29 AM"
"HE36RX4Q2L","11/18/2021 7:22:29 AM"
"HEGJRQPX2D","11/18/2021 7:22:29 AM"
"HE9BTTC14678L","11/18/2021 12:45:25 PM"
"HEC5D4TG2L","10/28/2021 10:38:28 AM"
"HED8JKDW2D","10/28/2021 10:38:28 AM"
"HE8S5T7X2D","11/8/2021 5:35:54 PM"
"HE2FBM4D3L","11/8/2021 5:35:54 PM"
"HE1R00TG2L","11/17/2021 9:31:24 AM"
"HE567TSG23L","11/17/2021 9:31:24 AM"
"HEFZGSSG2L","11/17/2021 8:57:48 PM"
"HEGL2VPX2D","10/28/2021 4:55:10 PM"
"HEGKX93Y2D","10/28/2021 4:55:10 PM"
"HEG91QM93D","10/28/2021 4:55:10 PM"
"HE50HNTG2L","10/13/2021 9:13:51 AM"
"HE8FJM4D3L","10/13/2021 9:13:51 AM"
"HE1T9PTG2L","11/17/2021 9:24:05 PM"
"HE-BWZJ6G3","11/16/2021 9:44:59 PM"
"HEJBD6L33L","11/9/2021 12:05:35 PM"
"HE1JN4PH2L","11/8/2021 12:09:37 PM"
"HE5N8JGB3L","11/18/2021 8:14:33 AM"
"HED8JYDW2D","9/17/2021 3:04:30 PM"
"IS-WKST-DATA01","9/17/2021 3:04:30 PM"
"HE-GRM27G3","10/28/2021 9:38:14 AM"
"HE97J5QH2L","10/28/2021 9:38:14 AM"
"HE4FXYMH2L","10/28/2021 9:38:14 AM"
"HEH19VSG2L","11/18/2021 1:25:13 PM"
"HE5867TG2L","11/11/2021 2:31:37 PM"
"HEGRMVSG2L","9/29/2021 1:49:50 PM"
"HE847GWT2L","10/2/2021 3:20:51 PM"
"HEFX03QV2L","10/2/2021 3:20:51 PM"
"HEB31CNQ2L","11/12/2021 1:26:17 PM"
"HE3XM5JV2D","9/30/2021 5:48:11 PM"
"HED0CMG92L","9/30/2021 5:48:11 PM"
"HE2BYV5S2L","9/30/2021 5:48:11 PM"
"HEHLZJ5S2L","10/4/2021 2:56:10 PM"
"HE6LP5QH2L","10/4/2021 2:56:10 PM"
"HE8WRDTG2L","11/17/2021 5:19:10 PM"
"HE4R7BTG2L","11/18/2021 11:01:49 AM"
"HE1YKL0S2D","10/1/2021 6:24:04 AM"
"HE7RD7N83D","10/1/2021 6:24:04 AM"
"HEHK51FW2D","10/1/2021 6:24:04 AM"
"HE1YWH0S2D","10/1/2021 6:24:04 AM"
"HEBXGWHR2L","10/1/2021 6:24:04 AM"
"HE18L3453L","10/1/2021 6:24:04 AM"
"HEGG4T0M2D","10/1/2021 6:24:04 AM"
"HE6YPG7Y2L","10/1/2021 6:24:04 AM"
"HE33D9HM2L","10/1/2021 6:24:04 AM"
"HE6V5DVT2L","10/1/2021 6:24:04 AM"
"HE691QM93D","10/1/2021 6:24:04 AM"
"HE7HSF7Y2L","10/1/2021 6:47:18 AM"
"HEJ8Z17J2D","10/1/2021 10:37:59 AM"
"HE1YZD0S2D","10/1/2021 5:57:24 AM"
"HE1YCH0S2D","10/1/2021 5:57:24 AM"
"HE4620S33D","9/30/2021 2:59:57 PM"
"HE9RK4453L","9/30/2021 2:59:57 PM"
"HECSSQ6Y2L","9/30/2021 2:59:57 PM"
"HED8KKDW2D","9/30/2021 2:59:57 PM"
"HE1ZHGMV2L","9/30/2021 2:59:57 PM"
"HE30X0YM2L","9/30/2021 2:59:57 PM"
"HE5HPZ0S2D","9/30/2021 2:59:57 PM"
"HE9VZMQQ2L","9/30/2021 2:59:57 PM"
"HE1YLG0S2D","9/30/2021 2:59:57 PM"
"HE1Z3PYX2L","11/18/2021 10:08:30 AM"
"HEGT7PDW2D","11/18/2021 10:08:30 AM"
"HE7QB6N83D","11/18/2021 10:08:30 AM"
"HEFHFFTG2L","11/18/2021 9:11:57 AM"
"HECRRGZM2L","9/30/2021 4:00:07 PM"
"HE65J5QH2L","11/12/2021 8:54:21 PM"
"HEDJ6CYX2L","9/27/2021 3:58:11 PM"
"HECZGSSG2L","9/27/2021 3:58:11 PM"
"HE7PT00W2D","9/27/2021 3:58:11 PM"
"HEDG5YYX2L","9/27/2021 3:58:11 PM"
"HEGKZRPX2D","9/27/2021 3:58:11 PM"
"HEGJT73Y2D","9/27/2021 3:58:11 PM"
"HE6P6DDV2D","9/27/2021 3:58:11 PM"
"HECXGRSG2L","11/17/2021 1:49:15 PM"
"HEHZGSSG2L","10/1/2021 6:38:00 AM"
"HEGL0PPX2D","10/1/2021 6:38:00 AM"
"HE3K3BPV2L","10/1/2021 6:38:00 AM"
"SIGNATUREKBKQ2","10/1/2021 6:38:00 AM"
"HEB4NG0X2L","10/1/2021 6:38:00 AM"
"HEGKW93Y2D","9/30/2021 3:02:30 PM"
"HE1Y8D0S21D","9/30/2021 3:02:30 PM"
"MSIXAPPATTACH","10/25/2021 10:41:44 AM"
"HECQLF7Y2L","11/16/2021 8:28:39 PM"
"HE2S5DVT2L","11/16/2021 8:28:39 PM"
"HE1YJL0S2D","11/16/2021 8:28:39 PM"
"HE7N1VJM2L","11/16/2021 8:28:39 PM"
"HEF48HTG2L","11/18/2021 1:01:46 PM"
"HEJSWG7Y2L","11/18/2021 1:01:46 PM"
"HE5LTSA41577L","11/18/2021 1:01:46 PM"
"HEBXQTMQ2L","11/18/2021 1:01:46 PM"
"HEJ8Z1M82D","11/18/2021 1:01:46 PM"
"HEGL2RPX2D","11/18/2021 1:01:46 PM"
"HE43NCQV2L","11/18/2021 1:01:46 PM"
"HE69CYMH2L","11/18/2021 1:01:46 PM"
"HE2R29RN2L","11/18/2021 1:01:46 PM"
"HE7ATSA94072L","10/29/2021 9:01:27 PM"
"HE9HKS7X2D","10/29/2021 9:01:27 PM"
"HE748HTG2L","10/27/2021 10:57:19 AM"
"HECYRDTG2L","9/30/2021 5:23:39 PM"
"HEFGB4TG2L","11/11/2021 7:25:43 PM"
"HEGJRPPX2D","9/30/2021 4:42:46 PM"
"HEG0WMVP2L","11/8/2021 7:30:03 AM"
"HECTVCQV2L","11/8/2021 7:30:03 AM"
"HEF18HTG2L","11/15/2021 12:44:13 PM"
"HEGG4P0M2D","11/15/2021 12:44:13 PM"
"SIGNATURE86GQ2","11/15/2021 12:44:13 PM"
"HE9MXHLH2L","11/18/2021 9:29:14 AM"
"HE4T92BD3D","11/15/2021 4:34:50 PM"
"HE768SMQ2L","11/15/2021 4:34:50 PM"
"HE59RJXT2L","11/15/2021 4:34:50 PM"
"HE9HNX7X2D","11/15/2021 4:34:50 PM"
"HEHLCDMN2D","11/15/2021 4:34:50 PM"
"HE1P9TSG2L","11/5/2021 6:21:32 AM"
"HE2V2SSG2L","9/28/2021 7:52:59 AM"
"HEHF99TG2L","11/16/2021 7:07:48 PM"
"HE8NBYSG2L","11/17/2021 1:07:50 PM"
"HE7PTYZV2D","11/17/2021 1:07:50 PM"
"HE1YCL0S2D","11/17/2021 1:07:50 PM"
"HED8JPDW2D","11/17/2021 1:07:50 PM"
"HEB5ZKCS2D","10/15/2021 4:01:58 PM"
"HE5CN5L33L","10/15/2021 4:01:58 PM"
"HEC0SDTG2L","10/15/2021 4:01:58 PM"
"HEJ4Y1FX2D","9/29/2021 3:45:54 PM"
"HE1YGM0S2D","9/29/2021 3:45:54 PM"
"HE6T3VJM2L","9/29/2021 3:45:54 PM"
"HE9DYJ8M2L","9/29/2021 3:45:54 PM"
"HEBXHCTQ2L","9/29/2021 3:45:54 PM"
"HE6W4NQN2L","10/2/2021 8:25:05 PM"
"HEHK35FW2D","10/2/2021 8:25:05 PM"
"HE5KG1ZX2L","10/2/2021 8:25:05 PM"
"HEFPVCQV2L","10/2/2021 8:25:05 PM"
"HE7KG1ZX2L","10/2/2021 8:25:05 PM"
"HE7QB7N83D","10/2/2021 8:25:05 PM"
"TST-IS-CVM02","10/2/2021 8:25:05 PM"
"HEBM0HTG2L","11/11/2021 11:47:35 AM"
"HE9L0VQN2L","11/17/2021 5:47:37 PM"
"HEGWMFSN2L","11/17/2021 5:47:37 PM"
"HE1YFF0S2D","11/17/2021 5:47:37 PM"
"HE5PHNG92L","11/4/2021 9:46:17 AM"
"HE1YQD0S2D","11/4/2021 9:46:17 AM"
"HE4K2H7Y2L","11/4/2021 9:46:17 AM"
"HEBP00TG2L","11/16/2021 1:22:14 PM"
"HEGS55QV2L","11/17/2021 1:06:10 PM"
"HEB4J5QH2L","11/17/2021 1:06:10 PM"
"HE95YDTG2L","9/27/2021 8:41:38 AM"
"HECYBYSG2L","10/11/2021 2:57:06 PM"
"HE30VQ8N2D","10/11/2021 2:57:06 PM"
"HE3516QH2L","10/11/2021 2:57:06 PM"
"HEGT6VDW2D","10/11/2021 2:57:06 PM"
"TST-IS-TKVM01","10/11/2021 2:57:06 PM"
"HE20XLDW2D","10/11/2021 2:57:06 PM"
"HE3WG7FB3L","10/11/2021 2:57:06 PM"
"HED5DJQV2L","10/11/2021 2:57:06 PM"
"HE748BTG2L","11/18/2021 12:12:29 AM"
"HEPC06R56BL1","11/18/2021 12:12:29 AM"
"HEH0Q9Q73L","11/18/2021 12:12:29 AM"
"HEMG00JQ8CD","11/18/2021 12:12:29 AM"
"HE7XGRSG2L","11/4/2021 12:48:18 PM"
"HEJBWX0T2D","11/4/2021 12:48:18 PM"
"HE1YQDTG2L","9/17/2021 4:14:51 PM"
"HEHGZPSG2L","11/17/2021 7:19:09 PM"
"HEDBM7FB3L","10/28/2021 7:54:59 AM"
"HEFFQB7P2D","11/13/2021 5:10:20 AM"
"HEGJTNPX2D","11/5/2021 10:43:37 AM"
"HEF0TJ5S2L","11/5/2021 10:43:37 AM"
"HEJYGWHR2L","11/18/2021 12:26:50 PM"
"HE6TQDTG2L","11/18/2021 12:26:50 PM"
"HE9HPV7X2D","11/18/2021 12:26:50 PM"
"HEFVSJ5S2L","11/18/2021 12:26:50 PM"
"HE49J5QH2L","11/18/2021 12:26:50 PM"
"HE1YHH0S2D","11/18/2021 12:26:50 PM"
"HEBYZGJR2L","11/18/2021 12:26:50 PM"
"HEGG4Q0M2D","11/18/2021 12:26:50 PM"
"HE-79KG3B3","11/18/2021 12:26:50 PM"
"HEGKY93Y2D","11/18/2021 12:27:01 PM"
"HE5X1YSG2L","10/24/2021 4:42:42 PM"
"HE8S6X7X2D","10/24/2021 4:42:42 PM"
"HEFFSB7P2D","10/24/2021 4:42:42 PM"
"HEHKKTST2L","10/24/2021 4:42:42 PM"
"HEJQ6R9H2L","10/24/2021 4:42:42 PM"
"HE1YYF0S2D","10/24/2021 4:42:42 PM"
"HEBJKVSG2L","11/18/2021 7:49:36 AM"
"HEGJWMG92L","11/18/2021 7:49:36 AM"
"HE3BDR9H2L","11/11/2021 10:34:27 AM"
"HEGKX63Y2D","11/11/2021 10:34:27 AM"
"HE8S7V7X2D","11/11/2021 10:34:27 AM"
"HE7T92BD3D","11/11/2021 10:34:27 AM"
"HEB01SSG2L","11/12/2021 9:07:57 AM"
"HE37WFWT2L","10/1/2021 6:47:10 AM"
"HEJ4XYDX2D","10/1/2021 6:47:10 AM"
"HE1YSH0S2D","10/1/2021 6:47:10 AM"
"HEFY00TG2L","10/1/2021 6:47:10 AM"
"HEGKT83Y2D","10/1/2021 9:01:19 AM"
"HEGG2T0M2D","10/1/2021 9:01:19 AM"
"HE2S9PTG2L","10/4/2021 1:57:45 PM"
"HE8JSFYX2L","10/4/2021 1:57:45 PM"
"HE6P8CDV2D","10/4/2021 1:57:45 PM"
"HEGKW83Y2D","10/4/2021 1:57:45 PM"
"HEBFQ6FB3L","10/4/2021 1:57:45 PM"
"HE8S1Z7X2D","10/4/2021 1:57:45 PM"
"HEHK41FW2D","10/4/2021 1:57:45 PM"
"HE9KT77P2D","10/4/2021 1:57:45 PM"
"HEGN9TSG2L","11/12/2021 9:55:42 AM"
"HEBS3RHM2L","11/12/2021 9:55:42 AM"
"HEJ5YQRQ2L","11/12/2021 9:55:42 AM"
"HEJ4YXDX2D","11/12/2021 9:55:42 AM"
"HE67PRSG2L","10/1/2021 1:06:01 PM"
"HE5V1DQV2L","10/1/2021 1:06:01 PM"
"HE1YLH0S2D","10/1/2021 1:06:01 PM"
"HE4HZLQN2L","10/1/2021 1:06:01 PM"
"HE4KP5QH2L","10/1/2021 1:06:01 PM"
"HE33CRSG2L","11/18/2021 10:51:25 AM"
"HEDSS5QH2L","11/18/2021 10:51:25 AM"
"HE70CVSG2L","9/30/2021 12:35:14 PM"
"HEPC0EB90ML","9/30/2021 12:35:14 PM"
"SIGNATURE10723","9/17/2021 2:32:22 PM"
"HEGT7MDW2D","9/17/2021 2:32:22 PM"
"HEMG00JQB1HD","9/17/2021 2:32:22 PM"
"HE1P73GQ2D","9/17/2021 2:32:22 PM"
"HE2NNCDW2D","9/17/2021 2:32:22 PM"
"HEF944TG2L","11/18/2021 7:25:52 AM"
"HE9BMJ5S2L","11/18/2021 7:25:52 AM"
"HEG7J60W2D","11/18/2021 7:25:52 AM"
"HE8S2W7X2D","11/18/2021 7:25:52 AM"
"HE5W5VLH21L","11/18/2021 7:25:52 AM"
"HEDRWG7Y2L","11/18/2021 7:25:52 AM"
"HE1VCGSN2L","11/18/2021 7:25:52 AM"
"HEHK72FW2D","11/18/2021 7:25:52 AM"
"HEC3RD8R2D","11/18/2021 7:25:52 AM"
"HE9WQ6L33L","10/1/2021 8:51:31 AM"
"HEBCX5GQ2D","10/1/2021 8:51:31 AM"
"HE7NS36S2L","10/1/2021 8:51:31 AM"
"HE8S8LGB3L","10/1/2021 8:51:31 AM"
"HE5YBYSG2L","11/18/2021 1:31:13 PM"
"HE50RPSG21L","11/9/2021 7:22:25 PM"
"HE7P3WYW2L","11/9/2021 7:22:25 PM"
"HE1YSJ0S2D","11/9/2021 7:22:25 PM"
"HE1YHM0S2D","11/18/2021 1:11:19 PM"
"HE5N102F3L","11/18/2021 1:11:19 PM"
"HE1XZHXT2L","9/30/2021 1:23:27 PM"
"HEHK44FW2D","9/30/2021 1:23:27 PM"
"HE3YQ1PH2L","9/30/2021 1:23:27 PM"
"HEGKWQPX2D","9/30/2021 1:23:27 PM"
"HEFF887P2D","11/15/2021 9:41:04 AM"
"HE36NFSN2L","11/15/2021 9:41:04 AM"
"HEJ2RVYW2L","10/1/2021 8:16:07 AM"
"HE2316QH2L","10/1/2021 8:16:07 AM"
"HE8S4S7X2D","10/1/2021 8:16:07 AM"
"HEF9G47P2D","10/1/2021 8:16:07 AM"
"HE4M0HTG2L","9/30/2021 1:36:57 PM"
"HEBPK0SQ2L","9/30/2021 1:36:57 PM"
"HE2UA4320GSPD","9/30/2021 1:36:57 PM"
"HE7J0F6Y2L","9/30/2021 1:36:57 PM"
"HE6M2D6Y2L","9/30/2021 1:36:57 PM"
"HE1NN5GQ2D","9/30/2021 1:36:57 PM"
"HE-69KG3B3","9/30/2021 1:36:57 PM"
"HE1V9PTG2L","9/30/2021 12:24:01 AM"
"HE6MZJ5S2L","9/30/2021 12:24:01 AM"
"HEJ616QH2L","9/30/2021 12:24:01 AM"
"HEFZ53TG2L","11/18/2021 9:00:16 AM"
"HE1Z4VXM2L","11/18/2021 9:00:16 AM"
"HE3867TG2L","11/18/2021 2:34:55 AM"
"HE1G99TG2L","9/29/2021 7:33:37 AM"
"HE30W0YM2L","9/29/2021 7:33:37 AM"
"HE6J8CQV2L","9/29/2021 7:12:25 AM"
"HEHB86CP2D","9/29/2021 7:12:25 AM"
"HE7HFFTG2L","11/16/2021 6:06:14 PM"
"HEJ8Z1DD2D","9/30/2021 4:23:06 PM"
"HEDKQ8TG2L","11/18/2021 9:35:09 AM"
"SIGNATURE5ZHN2","11/18/2021 9:35:09 AM"
"HE58Y5TG2L","9/29/2021 10:38:13 AM"
"HE3DD9QH2L","9/29/2021 10:38:13 AM"
"HEJ8Z1Z72D","9/29/2021 10:38:13 AM"
"HEGSQDTG2L","11/18/2021 1:19:58 PM"
"HE9FDR9H2L","11/18/2021 1:19:58 PM"
"HE78MJ5S2L","9/29/2021 10:03:29 AM"
"HE47YPSG2L","11/11/2021 1:44:03 PM"
"HE20WPDW2D","11/11/2021 1:44:03 PM"
"HEGJQ0PN2L","11/11/2021 1:44:03 PM"
"HE3YQDTG2L","11/11/2021 1:44:03 PM"
"HE3S9PTG2L","11/11/2021 1:44:03 PM"
"HE8NL5QH2L","9/30/2021 4:25:22 PM"
"HEGHGRPX2D","9/30/2021 4:25:22 PM"
"HE1NJPRQ2L","9/30/2021 4:25:22 PM"
"HEGFSDZV2D","10/3/2021 12:06:50 PM"
"HE8YMGMV2L","11/18/2021 4:10:06 AM"
"HE7DSF7Y2L","11/18/2021 4:10:06 AM"
"HE8QTGRQ2L","11/18/2021 4:10:06 AM"
"HE728HTG2L","11/18/2021 4:10:06 AM"
"HE20MDVP2L","11/18/2021 4:10:06 AM"
"HE67PRYX2L","11/11/2021 7:11:29 AM"
"HE1YFG0S2D","11/11/2021 7:11:29 AM"
"HE1YKJ0S2D","11/11/2021 7:11:29 AM"
"HEH2CYMH2L","11/11/2021 7:11:29 AM"
"HE8Y3PYX2L","11/10/2021 12:41:53 PM"
"HE1YMF0S2D","10/1/2021 8:01:00 AM"
"HEBT9PTG2L","11/18/2021 12:21:27 PM"
"HE7X0LGB3L","11/18/2021 12:21:27 PM"
"HEGG0V0M2D","11/18/2021 12:21:27 PM"
"HE8P9D0M2L","11/18/2021 12:21:27 PM"
"HE4FMJ5S2L","11/18/2021 12:21:27 PM"
"HE6GB4L33L","11/18/2021 12:21:27 PM"
"HEGJTTPX2D","11/18/2021 12:21:27 PM"
"HE6MNDTG2L","11/18/2021 12:21:27 PM"
"HE9MBB7P2D","11/18/2021 12:21:27 PM"
"HEJ4YDTG2L","11/18/2021 12:21:27 PM"
"HE1YXL0S2D","11/18/2021 12:21:27 PM"
"HE3MN4PH2L","11/12/2021 11:16:11 AM"
"HE9P1C733L","11/12/2021 11:16:11 AM"
"HEG4D89Y2L","11/16/2021 4:03:41 PM"
"HE41BNCP2D","11/16/2021 4:03:41 PM"
"HE1YZJ0S2D","9/23/2021 5:11:15 PM"
"HE74YDTG2L","9/28/2021 5:57:01 AM"
"HEDRL5QH2L1","9/28/2021 5:57:01 AM"
"HE1YQL0S2D","9/28/2021 5:57:01 AM"
"HE6P79DV2D","9/28/2021 5:57:01 AM"
"HE24YMG92L","9/28/2021 5:57:01 AM"
"HE6P7BDV2D","9/28/2021 5:57:01 AM"
"HEBX7XSG2L","9/28/2021 5:57:01 AM"
"HE4RSZHV2D","9/28/2021 5:57:01 AM"
"HE6P88DV2D","9/28/2021 5:57:01 AM"
"HE2867TG2L","9/28/2021 5:57:01 AM"
"HE9WGRSG2L","11/5/2021 7:42:17 AM"
"HEC4D4TG2L","11/5/2021 7:42:17 AM"
"HE2Y6HPX2D","11/5/2021 7:42:17 AM"
"HE86YDTG2L","11/18/2021 10:44:29 AM"
"HEBHWZY23D","11/18/2021 10:44:29 AM"
"HE8VSV5S2L","10/25/2021 12:48:51 PM"
"HEBHK4PH2L","10/4/2021 1:09:26 PM"
"HE87GR0T2D","10/4/2021 1:09:26 PM"
"HE4MK89Y2L","11/18/2021 7:53:07 AM"
"HE25XTMQ2L","11/18/2021 9:09:45 AM"
"HEB5ZHCS2D","11/18/2021 9:09:45 AM"
"HE2Y6FPX2D","11/18/2021 9:09:45 AM"
"HE5561RN2L","11/18/2021 9:09:45 AM"
"HEG6DR9H2L","11/18/2021 9:09:45 AM"
"HECMSBMQ2L","9/28/2021 11:02:12 PM"
"HEGG5T0M2D","9/28/2021 11:02:12 PM"
"HEHH55MR2D","9/28/2021 11:02:12 PM"
"HECWD8FB3L","11/18/2021 1:07:29 PM"
"HE6X7XSG2L","11/18/2021 10:43:49 AM"
"HE2J2D6Y2L","11/18/2021 10:43:49 AM"
"HE3HBM4D3L","11/18/2021 10:43:49 AM"
"HEF09VSG2L","11/18/2021 10:43:49 AM"
"HEF2X4TG2L","11/15/2021 4:47:28 PM"
"HE9HLY7X2D","11/15/2021 4:47:28 PM"
"HE5WKCVP2L","11/18/2021 10:45:54 AM"
"HEHLCNMN2D","10/1/2021 7:40:08 AM"
"HE53WDP13L","10/1/2021 7:40:08 AM"
"HEGWW4Q73L","10/1/2021 7:40:08 AM"
"HEJ9GCQV2L","10/22/2021 3:46:44 PM"
"HE2J4QYM2L1","11/17/2021 8:29:30 AM"
"HE7X7XSG2L","11/17/2021 8:29:30 AM"
"SIGNATURELZ0M2","11/17/2021 8:29:30 AM"
"HE13LLGB3L","11/17/2021 8:29:30 AM"
"HEFR9PTG2L","11/17/2021 9:57:27 PM"
"HE1YYG0S2D","11/17/2021 9:57:27 PM"
"HE1M8C6S2L","11/17/2021 9:57:27 PM"
"HEF1RWRQ2L","11/17/2021 9:57:27 PM"
"HEGL8PHV2D","11/17/2021 9:57:27 PM"
"SIGNATUREQBKQ2","11/17/2021 9:57:27 PM"
"HE8S2Y7X2D","11/9/2021 1:49:09 PM"
"HE357N7Y2L","11/9/2021 1:49:09 PM"
"HEHLBWMN2D","9/30/2021 6:04:52 PM"
"HEGL1QPX2D","9/30/2021 6:04:52 PM"
"HE1YSG0S21D","9/30/2021 6:04:52 PM"
"HEGKXNPX2D","9/30/2021 6:04:52 PM"
"HE4GQXLQ2L","10/11/2021 10:31:43 AM"
"HE1Y9F0S2D","10/11/2021 10:31:43 AM"
"HE1YRK0S2D","10/11/2021 10:31:43 AM"
"HE36BXDW2D","10/11/2021 10:31:43 AM"
"HE4Y5BTG2L","10/4/2021 5:59:05 PM"
"HE7PT30W2D","11/17/2021 1:25:47 PM"
"HEG7X5TG2L","11/17/2021 1:25:47 PM"
"HE2LQ8TG2L","10/22/2021 5:00:30 PM"
"HE2P1DQV2L","10/22/2021 5:00:30 PM"
"HEGQGCVT2L","10/22/2021 5:00:30 PM"
"HE4DS64D3L","10/22/2021 5:00:30 PM"
"HE8X500M2L","10/22/2021 5:00:30 PM"
"HE4F8X5Q2L","10/22/2021 5:00:30 PM"
"HE1YGG0S2D","10/22/2021 5:00:30 PM"
"HE30TR8N2D","10/22/2021 5:00:30 PM"
"HEHF9BRV2L","10/22/2021 5:00:30 PM"
"HEHK33FW2D","10/25/2021 4:20:40 PM"
"HE7Q45N83D","10/25/2021 4:20:40 PM"
"HEGG0P0M2D","10/25/2021 4:20:40 PM"
"HEGG0T0M2D","10/25/2021 4:20:40 PM"
"HEJZGQHR2L","10/25/2021 4:20:40 PM"
"HEJQBM4D3L","10/25/2021 4:20:40 PM"
"HE41BLCP2D","10/25/2021 4:20:40 PM"
"HEB8PXSG2L","11/18/2021 10:56:47 AM"
"HE1XPVSG2L","10/8/2021 10:58:35 AM"
"HEGKH93Y2D","10/8/2021 10:58:35 AM"
"HE82KV6S2L","11/18/2021 11:17:14 AM"
"TST-IS-CVM04","11/18/2021 11:17:14 AM"
"SIGNATURE9Z7N2","11/18/2021 11:17:14 AM"
"HE5ZQDTG2L","11/18/2021 11:17:14 AM"
"HEBQ7BTG2L","11/16/2021 3:38:47 PM"
"HEB5YHCS2D","11/16/2021 3:38:47 PM"
"HEHK31FW2D","11/16/2021 3:38:47 PM"
"HEJ28BTG2L","11/17/2021 8:17:45 PM"
"HEFF0Z4Q2L","11/16/2021 5:51:01 PM"
"HE2TQDTG2L","11/16/2021 5:51:01 PM"
"HE5SDGWT2L","11/16/2021 5:51:01 PM"
"HEJ2JS8B3D","11/16/2021 5:51:01 PM"
"HE21TJ5S2L","11/16/2021 5:51:01 PM"
"HE155P5S2L","10/4/2021 9:54:35 AM"
"SIGNATUREGYBZ","10/4/2021 9:54:35 AM"
"HE882Y3F3L","9/29/2021 10:42:50 AM"
"HE20WMDW2D","9/29/2021 10:42:50 AM"
"HEH2TRCV2D","9/29/2021 10:42:50 AM"
"HEHLCQMN2D","9/29/2021 10:42:50 AM"
"HECVPG7Y2L","9/29/2021 10:42:50 AM"
"HE1616QH2L","11/18/2021 7:47:36 AM"
"HE94D4TG2L","11/18/2021 1:29:17 PM"
"HE6YRDTG2L","10/5/2021 7:48:03 AM"
"HEHLCKMN2D","10/5/2021 7:48:03 AM"
"HE3XM8JV2D","10/1/2021 6:17:47 AM"
"HE1PP10C3D","10/1/2021 6:17:47 AM"
"HE-2WBY5G3","11/18/2021 12:23:08 PM"
"HE3QP5QH2L","11/18/2021 12:23:08 PM"
"HE8S2S7X2D","11/18/2021 12:23:08 PM"
"HE7W5BTG2L","11/18/2021 8:11:14 AM"
"HEC29VSG2L","11/16/2021 12:22:17 PM"
"HE9HJW7X2D","11/16/2021 12:22:17 PM"
"HE6VK0SQ2L","11/16/2021 12:22:17 PM"
"HEFMDXSG2L","11/17/2021 9:06:00 PM"
"HE-9BP06G3","10/7/2021 8:21:19 AM"
"HE9K0VSG2L","10/14/2021 5:36:55 PM"
"HE1V97FB3L","11/18/2021 1:02:56 PM"
"HEGJT93Y2D","11/18/2021 1:02:56 PM"
"HE2K8CQV2L","11/18/2021 1:02:56 PM"
"HE5P7BTG2L","11/11/2021 7:21:08 AM"
"HE3GMY3F3L","9/30/2021 1:59:26 PM"
"HE1MTHXT2L","9/30/2021 1:59:26 PM"
"HE1YYK0S2D","9/30/2021 1:59:26 PM"
"SIGNATURE856K2","9/30/2021 1:59:26 PM"
"HEGJWNPX2D","10/1/2021 12:55:38 PM"
"HE1YML0S2D","10/1/2021 12:55:38 PM"
"HE6Q56QH2L","10/1/2021 12:55:38 PM"
"HE-10V37G3","11/16/2021 3:55:18 PM"
"HE1YHD0S2D","11/16/2021 3:55:18 PM"
"HEGJWPPX2D","11/16/2021 3:55:18 PM"
"HEGFRGZV2D","11/16/2021 3:55:18 PM"
"HEDG3W5S2L","11/16/2021 3:55:18 PM"
"HEG5PDRQ2L","11/16/2021 3:55:18 PM"
"HE872Y3F3L","11/16/2021 3:55:18 PM"
"SIGNATUREB61M2","11/16/2021 3:55:18 PM"
"HE218HTG2L","11/6/2021 12:20:43 AM"
"HE1Y88TG2L","11/17/2021 9:32:28 PM"
"HE9BTTC14728L","11/8/2021 2:57:59 PM"
"SIGNATUREWZHN2","11/8/2021 2:57:59 PM"
"HE708J5S2L","11/8/2021 2:57:59 PM"
"HE3QR3ZX2L","11/18/2021 10:51:07 AM"
"HE1MNTSG2L","11/17/2021 7:55:52 AM"
"HEG1MWCV2D","11/17/2021 7:55:52 AM"
"HE9P8XPV2L","11/17/2021 7:55:52 AM"
"HEFZFV3X2L","9/30/2021 3:49:21 PM"
"HE9X03QV2L","9/30/2021 3:49:21 PM"
"HE5L4CJL2L","9/30/2021 3:49:21 PM"
"HE36NFSN2L","10/29/2021 4:20:17 PM"
"HE3H6ZVT2L","10/29/2021 4:20:17 PM"
"HE4WVCQV2L","10/29/2021 4:20:17 PM"
"HE6VBP5S2L","10/1/2021 7:02:09 AM"
"HEG35ZMV2L","10/1/2021 7:02:09 AM"
"HEBVJLTT2L","10/2/2021 11:45:17 AM"
"HE3FMJ5S2L","10/2/2021 11:45:17 AM"
"HE9HNW7X2D","10/2/2021 11:45:17 AM"
"HEHHZ2453L","10/2/2021 11:45:17 AM"
"HE-1MYK6G3","11/18/2021 11:24:12 AM"
"HEDFVHFB3L","11/18/2021 11:24:12 AM"
"HE1YXK0S2D","11/18/2021 11:24:12 AM"
"SIGNATUREN1GQ2","11/18/2021 11:24:12 AM"
"HE4JG1ZX2L","11/18/2021 11:27:39 AM"
"HE2NQ8DW2D","11/18/2021 11:27:39 AM"
"HEB5XLCS2D","11/18/2021 11:27:39 AM"
"HE1Z0H0S2D","11/18/2021 11:27:39 AM"
"HEHK5ZDW2D","11/18/2021 11:27:39 AM"
"HE8S4T7X2D","11/18/2021 11:27:39 AM"
"HEJ2BCZB3D","11/10/2021 1:33:38 PM"
"HE025992101157L","11/10/2021 1:33:38 PM"
"HEGKW63Y2D","11/10/2021 1:33:38 PM"
"HE1Z0K0S2D","11/10/2021 1:33:38 PM"
"HEJ1HRVT2L","11/10/2021 1:33:38 PM"
"HEC2ZF7Y2L","11/10/2021 1:33:38 PM"
"HEH3YDTG2L","11/18/2021 12:56:04 PM"
"HE4C399Y2L","11/18/2021 12:56:04 PM"
"HE1YJK0S2D","11/18/2021 12:56:04 PM"
"HEFP8CTQ2L","11/18/2021 12:56:04 PM"
"HEC3ZTMQ2L","11/18/2021 6:53:28 AM"
"HE5X3PYX2L","11/18/2021 10:45:22 AM"
"HEJ8Z2Z72D","11/18/2021 10:45:22 AM"
"HE20VJDW2D","11/18/2021 10:45:22 AM"
"HE1YWD0S2D","11/18/2021 10:45:22 AM"
"HE9HMS7X2D","11/18/2021 10:45:22 AM"
"HEH7X5QH2L","11/18/2021 10:45:22 AM"
"HE7Z8YVT2L","11/18/2021 10:45:22 AM"
"HE3TZJ5S2L","9/28/2021 7:05:48 AM"
"HE34YQRQ2L","9/28/2021 7:05:48 AM"
"HED2DJQV2L","9/28/2021 7:05:48 AM"
"HE6LWG7Y2L","9/30/2021 4:43:08 PM"
"HEB0V86Q2D","9/30/2021 4:43:08 PM"
"HED8JWDW2D","9/30/2021 4:43:08 PM"
"HE9LZ97P2D","9/30/2021 4:43:08 PM"
"HEGT7RDW2D","9/30/2021 4:43:08 PM"
"HEBZWGTG2L","11/18/2021 12:30:29 PM"
"HE3767TG2L","11/13/2021 6:55:08 AM"
"HEJ4YYDX2D","9/30/2021 3:31:43 PM"
"SIGNATUREJZ0M2","9/30/2021 3:31:43 PM"
"HE-2B237G3","9/30/2021 3:31:43 PM"
"HE6YXVYW2L","9/30/2021 3:31:43 PM"
"HE1D6WHR2L","9/30/2021 3:31:43 PM"
"HECYQDTG2L","11/18/2021 8:15:29 AM"
"HEGG2Q0M2D","11/18/2021 8:15:29 AM"
"HE7TM4RV2L","11/18/2021 11:08:30 AM"
"HE9LB25Q2L","11/18/2021 11:08:30 AM"
"HEB0V86Q2D","11/18/2021 11:08:30 AM"
"HEB4LQJR2L","11/18/2021 11:08:30 AM"
"HEJVQDTG2L","11/18/2021 11:08:30 AM"
"HEB6PXSG2L","11/18/2021 10:33:14 AM"
"HE818HTG2L","11/18/2021 9:49:16 AM"
"HEGJSQPX2D","11/18/2021 9:49:16 AM"
"HEGDP5QH2L","11/18/2021 9:49:16 AM"
"HEJ1SDTG2L","11/5/2021 4:17:31 PM"
"HE1YRDTG2L","11/18/2021 7:23:49 AM"
"HEGHZJ5S2L","11/18/2021 7:23:49 AM"
"HEHHGGMV2L","11/18/2021 7:23:49 AM"
"HEGKXRPX2D","9/30/2021 4:54:35 PM"
"HEHSMYP52L","9/30/2021 4:54:35 PM"
"HE1Y9M0S2D","10/2/2021 10:36:38 AM"
"HEB5XHCS2D","10/2/2021 10:36:38 AM"
"SIGNATURE6BMF3","10/2/2021 10:36:38 AM"
"HE86PRYX2L","10/2/2021 10:36:38 AM"
"HE36BTDW2D","10/2/2021 10:36:38 AM"
"HE30LWRQ2L","10/20/2021 1:47:50 PM"
"HE37RZQV2L","10/20/2021 1:47:50 PM"
"HECCJG7Y2L","10/2/2021 10:54:07 AM"
"HE3D6GZM2L","10/2/2021 10:54:07 AM"
"HE4JK89Y2L","11/12/2021 10:33:31 AM"
"HE6NZJ5S2L","11/12/2021 10:33:31 AM"
"HE5X00TG2L","11/11/2021 9:55:25 AM"
"HED5D89Y2L","11/11/2021 9:55:25 AM"
"HEGT7SDW2D","11/11/2021 9:55:25 AM"
"HE1XS5QH2L","11/11/2021 9:55:25 AM"
"HE55D4TG2L","11/18/2021 1:10:22 PM"
"HEGR9PSG2L","11/18/2021 1:04:36 PM"
"HECYMCQV2L","11/18/2021 1:04:36 PM"
"HEGR1GWT2L","10/1/2021 9:32:15 AM"
"HECLF8733L","10/1/2021 9:32:15 AM"
"HEG1MYCV2D","10/1/2021 9:32:15 AM"
"HE1YCD0S2D","10/1/2021 9:32:15 AM"
"HE9MD47P2D","10/1/2021 9:32:15 AM"
"HEHMJG7Y2L","11/16/2021 6:35:55 AM"
"HEHK61FW2D","11/16/2021 6:35:55 AM"
"HE8NVCQV2L","11/16/2021 6:35:55 AM"
"HE461QM93D","11/16/2021 6:35:55 AM"
"HEHQ729H2L1","11/16/2021 6:35:55 AM"
"HEJ8Z16K2D","11/16/2021 6:35:55 AM"
"HE36CTDW2D","11/16/2021 6:35:55 AM"
"HE99X6TG21L","9/30/2021 4:11:17 PM"
"HE2Y6DPX2D","9/30/2021 4:11:17 PM"
"HE9BTTC14657L","11/17/2021 3:41:21 PM"
"HE341SSG2L","11/17/2021 3:39:18 PM"
"HEJV00TG2L","11/9/2021 1:18:53 PM"
"HE1NL4GQ2D","11/9/2021 1:18:53 PM"
"HE9J6CYX2L","10/1/2021 7:36:20 AM"
"HE9BTTC14669L","10/1/2021 7:36:20 AM"
"HE5HTSA18268L","10/1/2021 7:36:20 AM"
"HE9MK89Y2L","11/18/2021 1:34:41 PM"
"HE8S1T7X2D","11/17/2021 3:32:58 PM"
"HEGQ7BTG2L","11/17/2021 3:32:58 PM"
"HE1YNK0S2D","11/17/2021 3:32:58 PM"
"HE9JKCYX2L","9/30/2021 4:38:02 PM"
"HEJVDVSG21L","11/18/2021 1:15:02 PM"
"HECFP5QH2L","11/16/2021 8:23:33 AM"
"HE81DJQV2L","11/16/2021 8:23:33 AM"
"HE6ATSA48140L","11/16/2021 8:23:33 AM"
"HE9HNY7X2D","11/16/2021 8:23:33 AM"
"HE2KZJ5S2L","11/16/2021 8:23:33 AM"
"HE9JPPYM2L","11/16/2021 8:23:33 AM"
"HEJ8Z3M82D","11/16/2021 8:23:33 AM"
"HE1YGH0S2D","11/16/2021 8:23:33 AM"
"HEJ8Z3V62D","11/16/2021 8:23:33 AM"
"HEJJKGSN2L","11/16/2021 8:23:33 AM"
"SIGNATUREGYBJ","11/16/2021 8:23:33 AM"
"HEH3D89Y2L","11/16/2021 8:23:33 AM"
"HEJ8Z2V62D","11/16/2021 8:23:33 AM"
"HE359QWT21L","10/1/2021 10:03:26 AM"
"HE36BRDW2D","10/1/2021 10:03:26 AM"
"HEGXQDTG2L","11/17/2021 5:04:25 PM"
"HE1M0HTG2L","11/17/2021 5:04:25 PM"
"HEBZ3PYX2L","11/17/2021 5:04:25 PM"
"HEGZRDTG2L","11/17/2021 5:04:25 PM"
"HE893QSG2L","9/29/2021 2:05:42 PM"
"HE429VSG2L","9/29/2021 2:05:42 PM"
"HE1YVK0S2D","9/29/2021 2:05:42 PM"
"HEFFD37P2D","9/29/2021 2:05:42 PM"
"HEGT7TDW2D","10/1/2021 9:30:25 AM"
"HEGL8NHV2D","10/1/2021 9:30:25 AM"
"HE8S5V7X2D","10/1/2021 9:30:25 AM"
"HE20WJDW2D","10/1/2021 9:30:25 AM"
"HE1YQK0S2D","10/1/2021 9:30:25 AM"
"HEGL393Y2D","10/1/2021 9:30:25 AM"
"HE7XRDTG2L","10/1/2021 9:30:25 AM"
"HE948BTG2L","11/18/2021 6:34:17 AM"
"HE1YDD0S2D","11/18/2021 6:34:17 AM"
"HEHB75CP2D","11/9/2021 8:20:16 AM"
"HEFFT67P2D","11/9/2021 8:20:16 AM"
"HE9LZJ5S2L","11/15/2021 4:06:24 PM"
"HEFJ3W5S2L","11/15/2021 4:06:24 PM"
"HEGL2QPX2D","11/15/2021 4:06:24 PM"
"HE93MWMH2L","11/15/2021 4:06:24 PM"
"SIGNATURE32TM2","11/12/2021 7:03:16 AM"
"HE1KBM4D3L","11/18/2021 1:32:30 PM"
"HE5MRKQN2L","11/18/2021 11:48:03 AM"
"HE21NFSN2L","11/18/2021 11:48:03 AM"
"HEGKX73Y2D","11/18/2021 11:48:03 AM"
"HEJS1VJM2L","11/18/2021 11:48:03 AM"
"HEFLD3453L","11/16/2021 5:27:57 PM"
"HE1PRVZB3D","10/1/2021 11:51:16 AM"
"HE1Z0G0S2D","10/1/2021 11:51:16 AM"
"HE9HQS7X2D","10/1/2021 11:51:16 AM"
"HE53116S2L","10/1/2021 11:51:16 AM"
"HEG82H7Y2L","10/1/2021 11:51:16 AM"
"SIGNATURE48KQ2","10/1/2021 11:51:16 AM"
"HEDNWVVP2D","10/1/2021 11:51:16 AM"
"HE20XKDW2D","10/1/2021 11:51:16 AM"
"HE22YKRV2L","11/12/2021 3:55:27 PM"
"HE9HMX7X2D","9/23/2021 3:55:11 PM"
"BBWIN10","9/23/2021 3:55:11 PM"
"HE928HTG2L","11/17/2021 8:44:58 AM"
"HEHLNTSG2L","11/17/2021 8:44:58 AM"
"HEB36HCS2D","11/17/2021 8:44:58 AM"
"HE33DRMH2L","11/16/2021 11:52:17 AM"
"HEHRZJ5S2L","11/16/2021 11:52:17 AM"
"HEHB8WMN2D","11/16/2021 11:52:17 AM"
"HE9HQR7X2D","11/16/2021 11:52:17 AM"
"HEBPK89Y2L","11/16/2021 11:52:17 AM"
"HE8L56QH2L","11/16/2021 8:34:22 PM"
"HE69R15S2L","11/16/2021 8:34:22 PM"
"HEH1FRNN2L","11/16/2021 8:34:22 PM"
"HEJ5G5QH2L","11/18/2021 8:08:39 AM"
"HE7B7PCP2D","11/18/2021 8:08:39 AM"
"HEGK2VJM2L","11/18/2021 8:08:39 AM"
"HE6JXTQN2L","11/12/2021 2:11:34 PM"
"HE46G5TG2L","9/26/2021 5:48:19 PM"
"HEGL1VPX2D","9/26/2021 5:48:19 PM"
"HEH72H7Y2L","9/30/2021 6:26:38 PM"
"HED95RSG2L","9/30/2021 6:26:38 PM"
"HE5PX66S2L","9/30/2021 6:26:38 PM"
"HEF27GWT2L","10/4/2021 7:38:58 AM"
"HEB68SMQ2L","10/4/2021 7:38:58 AM"
"HE448TDW2D","10/4/2021 7:38:58 AM"
"HE8GB4TG2L","11/11/2021 1:55:51 PM"
"HE8510TG2L","11/11/2021 1:55:51 PM"
"HEC1B6QH2L","11/11/2021 1:55:51 PM"
"HEBJSFYX2L","11/18/2021 11:26:52 AM"
"HEGKYSPX2D","11/18/2021 11:26:52 AM"
"HE1YDH0S2D","11/18/2021 11:26:52 AM"
"HE8S7W7X2D","11/18/2021 11:26:52 AM"
"HEF55R6Y2L","11/18/2021 11:26:52 AM"
"HE-5QZJ5S2","11/18/2021 11:26:52 AM"
"HEGT8MDW2D","11/18/2021 11:26:52 AM"
"HEFDP2R53D","11/18/2021 11:26:52 AM"
"HEHMY3453L","11/18/2021 11:26:52 AM"
"HEGFTFZV2D","11/18/2021 11:26:52 AM"
"HECRW7XK2D","11/18/2021 11:26:52 AM"
"HE921XYW2L","11/18/2021 11:26:52 AM"
"HE2TK16S2L","11/18/2021 11:26:52 AM"
"HEGG1Q0M2D","11/18/2021 11:26:52 AM"
"HE1YLL0S2D","10/1/2021 12:22:41 PM"
"HEGKX83Y2D","10/1/2021 12:22:41 PM"
"HE6P8JGB3L","10/1/2021 12:22:41 PM"
"HE3416L33L","11/18/2021 8:51:30 AM"
"HECY88TG2L","11/10/2021 3:04:01 PM"
"HE5JSFYX2L","11/10/2021 3:04:01 PM"
"HE70RPSG2L","9/27/2021 8:56:13 AM"
"SIGNATURERRGM2","9/27/2021 8:56:13 AM"
"HEGT7VDW2D","9/27/2021 8:56:13 AM"
"HE9YBYSG2L","9/27/2021 8:56:13 AM"
"HE3C98QH2L","9/27/2021 8:56:13 AM"
"HEJFWKGB3L","9/27/2021 8:56:13 AM"
"HEJVZSLH2L","11/5/2021 7:40:17 PM"
"HECGXTQN2L","11/15/2021 6:40:06 PM"
"HE9HHY7X2D","11/15/2021 6:40:06 PM"
"HEGFSBZV2D","11/18/2021 12:45:51 PM"
"HEJ3WFWT2L","9/30/2021 4:33:52 PM"
"HEGSMM9N2D","9/30/2021 4:33:52 PM"
"HE7RC6N83D","9/30/2021 4:33:52 PM"
"HE2WQDTG2L","10/6/2021 5:59:24 AM"
"HEHW1YSG2L","11/18/2021 12:39:14 PM"
"HEGT8PDW2D","11/18/2021 12:39:14 PM"
"HEJ8Z3ZG2D","11/18/2021 12:39:14 PM"
"HE6J56QH2L","11/18/2021 12:39:14 PM"
"HEG1MZCV2D","11/18/2021 12:39:14 PM"
"HE963VSG2L","11/18/2021 12:31:04 PM"
"HEBHX2Z23D","11/18/2021 12:31:04 PM"
"HEMG00HARCD","11/18/2021 12:31:04 PM"
"HECLHDVP2L","11/18/2021 12:31:04 PM"
"HE5B2H7Y2L","10/1/2021 7:38:51 AM"
"HED8KNDW2D","10/8/2021 8:54:44 AM"
"HE2NP8DW2D","10/8/2021 8:54:44 AM"
"HE73J5QH2L","10/8/2021 8:54:44 AM"
"HEGKV93Y2D","10/8/2021 8:54:44 AM"
"HECF99TG2L","10/1/2021 7:22:22 AM"
"HE6XF4QH2L","11/16/2021 9:09:34 PM"
"HEDTNLXT2L","11/16/2021 9:09:34 PM"
"HE9N9TSG2L","11/11/2021 9:23:53 AM"
"HEBT92BD3D","10/1/2021 8:03:56 AM"
"HE3PZJ5S2L","11/9/2021 11:21:57 AM"
"HEGT7WDW2D","9/17/2021 3:05:35 PM"
"HEGZWBYX2L","11/18/2021 8:17:24 AM"
"HEB946TG2L","11/18/2021 8:17:24 AM"
"HE9F0F6Y2L","9/30/2021 3:56:52 PM"
"HE94H9QQ2L","11/18/2021 7:43:24 AM"
"HE2JSTMQ2L","11/18/2021 7:43:24 AM"
"HE6QKWSG2L","11/16/2021 9:54:30 PM"
"HEGRGCVT2L","11/16/2021 9:54:30 PM"
"HE9HJX7X2D","11/8/2021 11:54:49 AM"
"HEDP39QV2L","11/2/2021 3:15:51 PM"
"HE1YZL0S2D","11/2/2021 3:15:51 PM"
"HE8YJPYM2L","11/2/2021 3:15:51 PM"
"HEB19VSG2L","11/2/2021 3:15:51 PM"
"HEC08HTG2L","11/16/2021 6:09:54 PM"
"HEDRK1FH2L","11/18/2021 11:42:42 AM"
"HE4W2PYM2L","11/18/2021 11:42:42 AM"
"HE1YJG0S2D","11/18/2021 11:42:42 AM"
"HEGRW3L33L","11/18/2021 11:42:42 AM"
"HEJ8Z1C62D","11/18/2021 11:42:42 AM"
"HEGKWPPX2D","9/30/2021 3:30:47 PM"
"HE36DJLH21L","10/18/2021 2:58:36 PM"
"HEDLDFLQ2L","10/18/2021 2:58:36 PM"
"HECNZJ5S2L","10/18/2021 2:58:36 PM"
"HEB4TRSG2L","10/18/2021 2:58:36 PM"
"HEB5YKCS2D","10/18/2021 2:58:36 PM"
"HE1YTC0S2D","10/18/2021 2:58:36 PM"
"HE6PBCDV2D","10/18/2021 2:58:36 PM"
"HE43B4L33L","11/9/2021 11:47:05 PM"
"HE64V8TG2L","11/9/2021 11:47:05 PM"
"HEJV3PYX2L","11/9/2021 11:47:05 PM"
"HE8S2V7X2D","11/9/2021 11:47:05 PM"
"HEGKVPPX2D","9/30/2021 2:32:52 PM"
"HEGL173Y2D","9/30/2021 2:32:52 PM"
"HE5W3PYX2L","9/30/2021 2:32:52 PM"
"HEHB6XMN2D","9/30/2021 2:32:52 PM"
"HE-3VJG3B3","11/18/2021 5:58:53 AM"
"HEGL083Y2D","11/18/2021 5:58:53 AM"
"HE11TJ5S2L","11/18/2021 5:58:53 AM"
"HE20XJDW2D","11/18/2021 5:58:53 AM"
"HEHLCFMN2D","10/2/2021 12:30:43 PM"
"HE1XHVSG2L","10/2/2021 12:30:43 PM"
"HEB81QM93D","10/2/2021 12:30:43 PM"
"HE2QBM4D3L","10/2/2021 12:30:43 PM"
"HEJ8Z41M2D","10/2/2021 12:30:43 PM"
"HEHB85CP2D","10/2/2021 12:30:43 PM"
"HEHLBXMN2D","10/2/2021 12:30:43 PM"
"HEMJ033A9RD","10/2/2021 12:30:43 PM"
"HE1YBK0S2D","11/18/2021 1:34:46 PM"
"HEB4947D3L","11/18/2021 1:34:46 PM"
"HEFVVCQV2L","11/18/2021 1:34:46 PM"
"HE9K17Q73L","11/18/2021 1:34:46 PM"
"HE53TJ5S2L","11/18/2021 12:16:26 PM"
"HEBLQ8TG2L","11/18/2021 12:16:26 PM"
"HE1KXHLH2L","11/18/2021 12:16:26 PM"
"HEFDP4R53D","11/18/2021 12:16:26 PM"
"HE28FF9H2L","11/18/2021 12:16:26 PM"
"HE1YXH0S2D","11/18/2021 12:16:26 PM"
"HE92LWRQ2L","11/18/2021 1:33:30 PM"
"HE4Z00TG2L","11/18/2021 12:33:50 PM"
"HE369VDW2D","11/18/2021 12:33:50 PM"
"HE16X5QH2L","11/18/2021 9:12:39 AM"
"HE1ZF4RV2L","10/1/2021 8:03:43 AM"
"HEHPRYPH2L","10/1/2021 8:03:43 AM"
"HE1V5DVT2L","10/1/2021 8:03:43 AM"
"HEHLC5CP2D","10/1/2021 8:03:43 AM"
"HEGFSGZV2D","10/1/2021 8:03:43 AM"
"HE24PRYX2L","11/12/2021 9:40:18 AM"
"HEFXND7S2L","11/12/2021 9:40:18 AM"
"HEJFBM4D3L","11/18/2021 6:44:35 AM"
"SIGNATURECWHN2","11/18/2021 6:44:35 AM"
"HE1Z0L0S2D","11/18/2021 6:44:35 AM"
"HED8JXDW2D","11/18/2021 6:44:35 AM"
"HECQKWSG2L","11/18/2021 6:44:35 AM"
"HE-5TPK7G3","11/18/2021 6:44:35 AM"
"HEFDP3R53D","11/18/2021 6:44:35 AM"
"HE2S0WSG2L","11/18/2021 10:55:00 AM"
"HEHK63FW2D","11/18/2021 10:55:00 AM"
"HE4LKTST2L","11/18/2021 10:55:00 AM"
"HE4TQDTG2L","11/18/2021 11:10:09 AM"
"HEGJW73Y2D","11/18/2021 11:10:09 AM"
"HE1YWF0S2D","10/1/2021 8:00:57 AM"
"HECDPS9H2L","10/1/2021 8:00:57 AM"
"HEFTP3QH2L","10/1/2021 8:00:57 AM"
"HE6T00TG2L","10/1/2021 8:00:57 AM"
"HE20GLTT2L","11/18/2021 1:24:03 PM"
"HEGWGRSG2L","11/18/2021 1:24:03 PM"
"HEGFS9ZV2D","11/18/2021 1:24:03 PM"
"HE8NVCQV2L","11/18/2021 1:24:03 PM"
"HEF48BTG2L","9/30/2021 12:17:14 PM"
"HEGLTFSN2L","9/30/2021 12:17:14 PM"
"SIGNATURE6MQG2","9/30/2021 12:17:14 PM"
"HEGS5DVT2L","11/18/2021 8:40:22 AM"
"HE8S6W7X2D","11/18/2021 8:40:22 AM"
"HE2BT62R2L","10/25/2021 7:24:21 AM"
"HEG28HTG2L","10/25/2021 7:24:21 AM"
"HEBDC1QQ12L","10/25/2021 7:24:21 AM"
"HE44CVSQ2L","10/25/2021 7:24:21 AM"
"HE9HLX7X2D","10/25/2021 7:24:21 AM"
"HEGC8XPV2L","10/25/2021 7:24:21 AM"
"HEGFSCZV2D","9/29/2021 3:27:11 PM"
"SIGNATURE6XP52","9/29/2021 3:27:11 PM"
"HEDDMJ5S2L","9/29/2021 3:27:11 PM"
"HEHD63453L","9/30/2021 4:48:19 PM"
"HE1V1B8S2L","11/17/2021 7:02:16 PM"
"HE1YPD0S2D","11/18/2021 9:00:55 AM"
"HE1YTK0S2D","10/1/2021 6:24:20 AM"
"HE7XGWYW2L","10/1/2021 6:24:20 AM"
"HE1YRH0S2D","10/1/2021 6:24:20 AM"
"HE5L4CJL2D","10/1/2021 6:24:20 AM"
"HE-3Z9GP73","10/1/2021 6:24:20 AM"
"HE1NC8GQ2D","10/1/2021 6:24:20 AM"
"HE3P7BTG2L","11/18/2021 10:20:38 AM"
"HE9HLV7X2D","10/19/2021 7:41:20 AM"
"HE30TP8N2D","10/19/2021 7:41:20 AM"
"HECSQ4NV2L","10/19/2021 7:41:20 AM"
"HE6TFB3M2L","10/19/2021 7:41:20 AM"
"HEF55R6Y2L","10/19/2021 7:41:20 AM"
"HE8N26ZM2L","10/19/2021 7:41:20 AM"
"HE671QM93D","10/19/2021 7:41:20 AM"
"HE8S5W7X2D","9/30/2021 6:48:12 PM"
"HE7N1DQV2L","9/30/2021 6:48:12 PM"
"HEBF99TG2L","9/30/2021 6:48:12 PM"
"HE7NFTGM2D","9/30/2021 6:48:12 PM"
"HEGT6WDW2D","9/30/2021 6:48:12 PM"
"HE4S00TG2L","9/30/2021 6:48:12 PM"
"HE7Q05N83D","9/30/2021 6:48:12 PM"
"HE1YGK0S2D","9/30/2021 6:48:12 PM"
"HE7CTSA99301L","9/30/2021 6:48:12 PM"
"HE7Z53TG2L","9/29/2021 3:23:08 PM"
"HE8S3X7X2D","9/29/2021 3:23:08 PM"
"HEGT7XDW2D","9/29/2021 3:23:08 PM"
"HE1YHC0S2D","9/29/2021 3:23:08 PM"
"HE2R00TG2L","11/9/2021 4:38:22 PM"
"HE7QK5N83D","11/9/2021 4:38:22 PM"
"HE88MY3F3L","11/9/2021 4:38:22 PM"
"HE369TDW2D","11/6/2021 9:20:19 AM"
"HE1YWK0S2D","11/6/2021 9:20:19 AM"
"SIGNATUREX6GQ2","11/6/2021 9:20:19 AM"
"HE4D0X6S2L","11/6/2021 9:20:19 AM"
"HE7CJ9Q73L","11/6/2021 9:20:19 AM"
"HE4SFB3M2L","11/6/2021 9:20:19 AM"
"HE1YPK0S2D","11/6/2021 9:20:19 AM"
"HEB09YVT2L","11/6/2021 9:20:19 AM"
"HE3XM7JV2D","10/1/2021 8:45:34 AM"
"HE1YZF0S2D","10/1/2021 8:45:34 AM"
"HEFGFZ2D3L","10/1/2021 8:45:34 AM"
"HE9HPX7X2D","11/18/2021 10:46:59 AM"
"HE5W7XSG2L","11/18/2021 10:54:01 AM"
"HE20SDTG2L","9/20/2021 12:00:47 PM"
"HE30TQ8N2D","9/20/2021 12:00:47 PM"
"TLWIN10","10/28/2021 2:50:20 PM"
"HE489W3X2L","10/28/2021 2:50:20 PM"
"HEBHX1Z23D","10/28/2021 2:50:20 PM"
"HE75YDTG2L","11/12/2021 9:35:54 AM"
"HEJ8Z2Z72D","11/12/2021 9:35:54 AM"
"HEJBKVYW2L","11/18/2021 12:42:48 PM"
"HE30V1YM2D","11/18/2021 12:42:48 PM"
"HE245XPV2L","11/18/2021 12:42:48 PM"
"HE9HHV7X2D","11/18/2021 12:42:48 PM"
"HEDGLCQQ2L","11/18/2021 12:42:48 PM"
"HE1Y7D0S2D","11/18/2021 12:42:48 PM"
"HE369SDW2D","11/18/2021 12:42:48 PM"
"HE53FN7Y2L","11/18/2021 12:42:48 PM"
"HE9W1YSG2L","11/17/2021 3:24:44 PM"
"HE8HFFTG2L","11/17/2021 6:57:41 PM"
"HE1HMYPH2L","11/17/2021 6:57:41 PM"
"HE1YNH0S2D","11/17/2021 6:57:41 PM"
"HE5H1VJM2L","11/16/2021 9:43:35 AM"
"HEGJRRPX2D","10/2/2021 3:50:16 PM"
"HEGL093Y2D","10/2/2021 3:50:16 PM"
"HEC1FWYM2L","10/2/2021 3:50:16 PM"
"HEGKTPPX2D","10/2/2021 3:50:16 PM"
"HE6BVVYX2L","10/2/2021 3:50:16 PM"
"HE4WNW3X2L","10/2/2021 3:50:16 PM"
"HEGJTPPX2D","10/2/2021 3:50:16 PM"
"HE17PXSG2L","9/17/2021 8:40:08 AM"
"HEGV5BTG2L","9/17/2021 8:40:08 AM"
"HE5W1YSG2L","11/16/2021 3:08:39 PM"
"HE4R3W3X2L","9/30/2021 5:40:50 PM"
"HE6QBJQV2L","11/17/2021 3:54:46 PM"
"HEGWNYVT2L","11/17/2021 5:55:37 PM"
"HEJ8Z2MP2D","11/17/2021 5:55:37 PM"
"HE68LLTN2L","11/10/2021 9:45:06 PM"
"HE2Y5MPX2D","11/10/2021 9:45:06 PM"
"HE8YQDTG2L","11/12/2021 1:52:44 PM"
"HEGL2SPX2D","11/12/2021 1:52:44 PM"
"HEB5XKCS2D","11/12/2021 1:52:44 PM"
"HED2TJ5S2L","11/12/2021 1:52:44 PM"
"HED6NFSN2L","11/17/2021 12:10:02 AM"
"HED010TG2L","11/18/2021 1:33:51 PM"
"HEHMBYSG2L","10/25/2021 3:14:42 PM"
"HE8BL7Q73L","10/25/2021 3:14:42 PM"
"HE3XN2JV2D","9/30/2021 4:52:44 PM"
"HEHS28FB3L","11/18/2021 7:45:55 AM"
"HE9MP95M2L","11/18/2021 7:45:55 AM"
"HE71SDTG2L","11/18/2021 11:15:59 AM"
"HEB0FZPV2L","11/18/2021 11:15:59 AM"
"HE2XHYLQ2L","11/18/2021 11:15:59 AM"
"HE76R0SQ2L","11/18/2021 11:15:59 AM"
"HE22SDTG2L","9/28/2021 4:14:58 PM"
"HEG874TG2L","11/17/2021 1:41:25 AM"
"HE7867TG2L","9/18/2021 8:03:24 AM"
"HE6B5RSG2L","11/16/2021 12:07:13 PM"
"HE1YQG0S2D1","11/16/2021 12:07:13 PM"
"HED48HTG2L","11/16/2021 12:07:13 PM"
"HEFFM37P2D","11/16/2021 12:07:13 PM"
"HE418HTG2L","9/30/2021 3:16:15 PM"
"HE1Y9J0S2D","10/1/2021 6:24:03 AM"
"HEHK43FW2D","10/1/2021 6:24:03 AM"
"HE1NBYSG2L","11/15/2021 10:51:15 AM"
"HE369YDW2D","11/15/2021 10:51:15 AM"
"HEF26LJR2L","11/15/2021 10:51:15 AM"
"HE7Z8FFB3L","11/15/2021 10:51:15 AM"
"HEG7J70W2D","11/15/2021 10:51:15 AM"
"HE5LZYMV2L","11/17/2021 6:41:16 AM"
"HE9HNV7X2D","11/17/2021 6:41:16 AM"
"HE9WNWMF2L","11/17/2021 6:41:16 AM"
"HEGKYQPX2D","11/17/2021 6:41:16 AM"
"HE8S1W7X2D","9/30/2021 3:34:22 PM"
"WINDOWS-OBIRGNO","9/30/2021 3:34:22 PM"
"HE1YFC0S2D","9/30/2021 3:34:22 PM"
"SIGNATURE7SP52","9/30/2021 3:34:22 PM"
"HEJZR7FB3L","9/30/2021 3:34:22 PM"
"HEG1ZF7Y2L","10/1/2021 1:25:09 PM"
"HEGJS93Y2D","10/1/2021 10:00:44 AM"
"HE-59LK6G3","11/18/2021 1:35:50 PM"
"HEHB87CP2D","11/18/2021 1:35:50 PM"
"HE7PT20W2D","11/16/2021 8:51:26 AM"
"HE3G99TG2L","11/18/2021 1:21:54 PM"
"HEJ9VVYX2L","11/18/2021 1:21:54 PM"
"HEGKQ8TG2L","11/18/2021 7:23:19 AM"
"HEFTPG7Y2L","9/30/2021 7:42:57 PM"
"HEGZRDTG2L","9/30/2021 7:42:57 PM"
"HE4J3WYW2L","11/17/2021 10:10:41 PM"
"HEHLC7MN2D","11/17/2021 10:10:41 PM"
"HEGT6XDW2D","11/17/2021 10:10:41 PM"
"HEB3MDVP2L","11/16/2021 10:27:04 AM"
"HED6G5TG2L","11/15/2021 1:05:37 PM"
"HEGL193Y2D","11/15/2021 1:05:37 PM"
"HED0XGTG2L","11/17/2021 8:52:21 PM"
"HEJ8Z3C62D","11/17/2021 8:52:21 PM"
"HEGT6YDW2D","11/17/2021 8:52:21 PM"
"HE1YVB0S2D","11/17/2021 8:52:21 PM"
"HEHLCJMN2D","11/12/2021 5:38:09 PM"
"HE9YMFSN2L","11/12/2021 5:38:09 PM"
"HECWGRSG2L","11/12/2021 5:38:09 PM"
"HEJVQR8S2L","11/11/2021 9:01:11 AM"
"HE-CG2Z5G3","11/11/2021 9:01:11 AM"
"HE3XM6JV2D","9/30/2021 6:10:32 PM"
"HEJ2JGMV2L","9/30/2021 6:10:32 PM"
"HE9HPY7X2D","9/30/2021 6:10:32 PM"
"HEFTTFSN2L","11/18/2021 11:43:17 AM"
"HE2RNX7M2L","11/18/2021 11:43:17 AM"
"HEJPDGL63L","11/18/2021 11:43:17 AM"
"SIGNATUREGK8C2","11/18/2021 11:43:17 AM"
"HE20JGMV2L","11/18/2021 11:43:17 AM"
"HE8RSW5S2L","11/18/2021 11:43:17 AM"
"HEJN7BTG2L","9/24/2021 6:16:03 PM"
"SIGNATUREQZHN2","9/24/2021 6:16:03 PM"
"HECKR9KQ2D","9/24/2021 6:16:03 PM"
"HE57ZHGB3L","9/24/2021 6:16:03 PM"
"HEJ8Z2DD2D","9/24/2021 6:16:03 PM"
"HE1YBG0S2D","9/24/2021 6:16:03 PM"
"HEDV45FF3D","9/24/2021 6:16:03 PM"
"HEBVZHXT2L","10/5/2021 7:19:49 AM"
"HEGKZQPX2D","10/5/2021 7:19:49 AM"
"HE495RSG2L","9/30/2021 2:22:52 PM"
"HE2ZRDTG2L","10/6/2021 4:56:17 PM"
"HEJ8Z2WP2D","9/17/2021 3:05:44 PM"
"HE8X1YSG2L","11/18/2021 11:50:49 AM"
"HER90A9LA4L","11/18/2021 11:50:49 AM"
"HE5HQV0S2D","11/18/2021 11:50:49 AM"
"HEPC08DTZ7L","11/18/2021 11:50:49 AM"
"HE2ZSJ5S21L","11/18/2021 11:50:49 AM"
"HEDB05TG2L","11/18/2021 11:50:49 AM"
"HE2ZBYSG2L","11/18/2021 11:53:38 AM"
"HE3JPHF33D","11/18/2021 11:53:38 AM"
"HE148BTG2L","9/29/2021 4:30:42 PM"
"HE964JSQ2L","9/29/2021 4:30:42 PM"
"HEB6YZQV2L","9/29/2021 4:30:42 PM"
"HE1S9PTG2L","9/29/2021 4:30:42 PM"
"HE2T9F333D","10/1/2021 6:06:51 AM"
"HEGFVCZV2D","10/1/2021 6:06:51 AM"
"HE1Y03QV2L","10/1/2021 6:06:51 AM"
"HE2NFY3F3L","10/1/2021 6:06:51 AM"
"HEHK34FW2D","10/1/2021 6:06:51 AM"
"HE81XGTG2L","10/13/2021 11:08:38 AM"
"HED8JNDW2D","9/17/2021 2:56:37 PM"
"HEG1NSCV2D","9/17/2021 2:56:37 PM"
"HED38HTG2L","9/30/2021 2:53:54 PM"
"HE6YQDTG2L","11/10/2021 3:01:02 AM"
"HE428HTG2L","10/3/2021 2:09:05 PM"
"HEHXSJ5S2L","10/3/2021 2:09:05 PM"
"HEC210TG2L","11/3/2021 9:55:05 AM"
"HE6M2D6Y2L","9/21/2021 11:53:23 PM"
"HE5V5T9T2D","11/15/2021 11:47:43 AM"
"HE-7ZM16G3","11/15/2021 11:47:43 AM"
"HEGT8LDW2D","11/15/2021 11:47:43 AM"
"HE1QL84M2L","11/15/2021 11:47:43 AM"
"HEDV99FF3D","11/15/2021 11:47:43 AM"
"HE1YFH0S2D","11/15/2021 11:47:43 AM"
"HE1YYG0S2D","11/15/2021 11:47:43 AM"
"HEG8F7MQ2L","10/1/2021 6:07:37 AM"
"HEH946TG2L","11/4/2021 4:48:45 PM"
"HEGKXSPX2D","11/18/2021 11:40:55 AM"
"HEGXYBQ73L","11/17/2021 4:32:18 PM"
"HEJS2D6Y2L","11/17/2021 4:32:18 PM"
"HE42XGTG2L","10/10/2021 7:53:01 PM"
"HEHLC6CP2D","9/30/2021 4:22:03 PM"
"HE36BSDW2D","9/30/2021 4:22:03 PM"
"HEDV2FFF3D","9/30/2021 4:22:03 PM"
"HEHK64FW2D","9/30/2021 4:22:03 PM"
"HEJ1RVYW2L","9/30/2021 4:22:03 PM"
"HEGKTNPX2D","9/30/2021 4:22:03 PM"
"HE8S6Y7X2D","9/30/2021 4:22:03 PM"
"HEDP8YSG2L","9/30/2021 4:22:03 PM"
"HE7852FH2L","9/30/2021 4:22:03 PM"
"HE91G4RV2L","9/30/2021 4:22:03 PM"
"HEH3PRYX2L","9/30/2021 4:22:03 PM"
"HE30T2YM2D","9/30/2021 4:22:03 PM"
"HE5XRDTG2L","9/30/2021 4:22:03 PM"
"HE25PRYX2L","9/30/2021 4:22:03 PM"
"HE1YWJ0S2D","9/30/2021 4:22:03 PM"
"HEJ6PRYX2L","11/18/2021 9:23:11 AM"
"HE3KS6MH2L","11/18/2021 9:23:11 AM"
"HED8JSDW2D","11/18/2021 9:23:11 AM"
"HEHGL0R73L","11/18/2021 9:23:11 AM"
"VDI-KT-01","11/18/2021 9:23:11 AM"
"HE6T5DVT2L","11/18/2021 9:23:11 AM"
"HE7J815Q2L","11/18/2021 8:22:08 AM"
"HEGT7KDW2D","11/18/2021 8:22:08 AM"
"HE7PZ1N83D","11/18/2021 8:22:08 AM"
"HEGJW93Y2D","11/18/2021 8:22:08 AM"
"HEG01SSG2L","9/30/2021 2:15:59 PM"
"HE528HTG2L","9/16/2021 5:11:00 PM"
"HE8273ST2L","11/8/2021 4:25:52 PM"
"HE3WJPSG2L","11/8/2021 4:25:52 PM"
"HE2HFFTG2L","10/1/2021 5:43:19 AM"
"HEGT7QDW2D","10/1/2021 5:43:19 AM"
"HEGKTSPX2D","10/1/2021 5:43:19 AM"
"HE4T9PTG2L","11/17/2021 8:48:48 PM"
"HEB38HTG2L","11/17/2021 8:48:48 PM"
"HE4210TG2L","11/18/2021 11:34:25 AM"
"HEB46SJR2L","11/18/2021 11:34:25 AM"
"HEPC0LZVH8L","11/18/2021 11:34:25 AM"
"HE74QG7Y2L","11/17/2021 11:12:08 PM"
"HE328HTG2L","11/17/2021 11:12:08 PM"
"HE1YDH0S2D","11/17/2021 11:12:08 PM"
"HE40DJQV2L","11/17/2021 11:12:08 PM"
"HE4WNW3X2L","11/17/2021 11:12:08 PM"
"HE9B1QM93D","11/17/2021 11:12:08 PM"
"HED2QG7Y2L","11/17/2021 11:12:08 PM"
"HEJF5YYX2L","11/17/2021 11:12:08 PM"
"HEGX3PYX2L","11/18/2021 11:42:59 AM"
"HEGFZT0M2D","11/18/2021 11:42:59 AM"
"HE447YDW2D","11/18/2021 11:42:59 AM"
"HEB95RSG2L","10/5/2021 2:11:10 PM"
"HE1Z1H0S2D","10/5/2021 2:11:10 PM"
"HE71Q8VT2L","10/5/2021 2:11:10 PM"
"HE369RDW2D","10/5/2021 2:11:10 PM"
"HE7XMNG92L","9/29/2021 11:36:19 AM"
"HE6620DS2D","9/29/2021 11:36:19 AM"
"HE8QR3ZX2L","9/29/2021 11:36:19 AM"
"HE12X0NH2L","9/29/2021 11:36:19 AM"
"HEH2VNCV2D","9/29/2021 11:36:19 AM"
"HEGL0QPX2D","9/29/2021 11:36:19 AM"
"HE2Y5HPX2D","9/29/2021 11:36:19 AM"
"HE5RZ2453L","10/4/2021 5:50:38 AM"
"HEGCRKQN2L","10/4/2021 5:50:38 AM"
"HE1MKTST2L","11/11/2021 4:49:17 PM"
"HE7JSFYX2L","11/17/2021 4:01:00 PM"
"HEFRK4NV2L","11/17/2021 5:50:06 PM"
"HE6FD9QH2L","11/17/2021 5:50:06 PM"
"HEHB7WMN2D","10/1/2021 10:25:52 AM"
"HEC9KKZV2D","10/1/2021 10:25:52 AM"
"HE8640QV2L","10/1/2021 10:25:52 AM"
"HE7FS46S2L","10/1/2021 10:25:52 AM"
"HEH9CD3X2L","10/1/2021 10:25:52 AM"
"HEBMX1MH2L","10/26/2021 5:06:38 PM"
"HE-6NWY5G3","11/17/2021 4:36:08 PM"
"HECQBJQV2L","11/17/2021 4:36:08 PM"
"HE8CYV5S2L","11/17/2021 4:36:08 PM"
"HECQGTHM2L","11/17/2021 4:36:08 PM"
"HEJJQYMH2L","11/17/2021 4:36:08 PM"
"HE01411394357L","11/17/2021 4:36:08 PM"
"HEB7MY3F3L","11/17/2021 4:36:08 PM"
"HE-BSJG3B3","11/17/2021 4:36:08 PM"
"HEGL1WPX2D","11/17/2021 4:36:08 PM"
"HE6X4Z1F3L","11/17/2021 4:36:08 PM"
"HE8G5YYX2L","11/18/2021 6:16:29 AM"
"HE1YJH0S2D","11/18/2021 6:16:29 AM"
"HE8552684357L","11/18/2021 6:16:29 AM"
"HE7XCJQV2L","11/15/2021 8:51:45 PM"
"HE9VQDTG2L","11/18/2021 11:08:02 AM"
"HEGT7YDW2D","11/18/2021 11:08:02 AM"
"HE3PTCQV2L","11/18/2021 11:08:02 AM"
"HE2XQDTG2L","11/17/2021 3:05:26 AM"
"HEFG1VJM2L","11/17/2021 3:05:26 AM"
"HEDJSFYX2L","9/18/2021 4:54:46 AM"
"HE57VVYX2L","11/15/2021 1:03:30 PM"
"HEH6YDTG2L","10/5/2021 4:50:51 PM"
"HE5RWTRQ2L","11/2/2021 1:12:57 PM"
"HE69YV5S2L","11/2/2021 1:12:57 PM"
"HEHQTFSN2L","11/2/2021 1:12:57 PM"
"DESKTOP-CRSHBI2","10/6/2021 10:06:22 AM"
"HEGJV73Y2D","10/4/2021 6:36:25 PM"
"HE90FLNF2L","10/4/2021 6:36:25 PM"
"HECS00TG2L","9/16/2021 1:21:30 PM"
"HE2Y6GPX2D","9/16/2021 1:21:30 PM"
"HE4ZCJQV2L","11/17/2021 7:13:22 PM"
"DESKTOP-L28TP49","11/17/2021 7:13:22 PM"
"HEGJTQPX2D","10/12/2021 12:34:28 PM"
"HEFQ4SMQ2L","10/12/2021 12:34:28 PM"
"HE7QB2N83D","10/12/2021 12:34:28 PM"
"HEGL0VPX2D","10/12/2021 12:34:28 PM"
"HE2Y5KPX2D","10/12/2021 12:34:28 PM"
"HECK8CQV2L","10/12/2021 12:34:28 PM"
"HE538BTG2L","11/17/2021 6:26:54 PM"
"HE74B6QH2L","11/17/2021 6:26:54 PM"
"HEFK8XPV2L","11/17/2021 6:26:54 PM"
"HEGBQ1QQ2L","11/10/2021 4:52:04 PM"
"HEH9K3QH2L","11/17/2021 2:35:20 PM"
"HEGVDGMV2L","11/17/2021 2:35:20 PM"
"HEGKZSPX2D","11/17/2021 2:35:20 PM"
"HEJ767TG2L","11/18/2021 12:50:42 PM"
"HE813K7Y2L","10/1/2021 9:33:56 AM"
"HE6P7DDV2D","10/1/2021 9:33:56 AM"
"HE9X1DQV2L","10/1/2021 9:33:56 AM"
"HE1YVC0S2D","9/30/2021 1:06:07 PM"
"NOC-EUCWKST-02","9/30/2021 1:06:07 PM"
"HE82LQJR2L","11/17/2021 6:28:21 PM"
"HE94NFSN2L","11/17/2021 6:28:21 PM"
"HEHK42FW2D","11/17/2021 6:28:21 PM"
"HEHLCLMN2D","10/1/2021 7:30:57 AM"
"HE1YSC0S2D","10/1/2021 7:30:57 AM"
"HEB60HCS2D","10/1/2021 7:30:57 AM"
"HEFKPYPH2L","10/1/2021 7:30:57 AM"
"HE9X1YSG2L","10/13/2021 4:58:46 AM"
"HEC85RSG2L","11/18/2021 8:58:19 AM"
"HEHLBTMN2D","11/18/2021 1:10:09 PM"
"HE1LCVSG2L","11/18/2021 12:13:21 PM"
"HEGJT63Y2D","11/18/2021 12:13:21 PM"
"HE7R02N83D","11/15/2021 2:18:42 PM"
"HEDXHBXM2L","11/15/2021 2:18:42 PM"
"HE1YRF0S2D","11/15/2021 2:18:42 PM"
"HEGJT83Y2D","11/15/2021 2:18:42 PM"
"HEH99V0G2L","11/15/2021 2:18:42 PM"
"HE1Z1G0S2D","10/20/2021 1:25:29 PM"
"HE8S4Y7X2D","10/20/2021 1:25:29 PM"
"AA-W10-VM1","10/20/2021 1:25:29 PM"
"HE1XGLXT2L","10/20/2021 1:25:29 PM"
"HE8D56QH2L","9/29/2021 12:59:50 PM"
"HEJMDXSG2L","9/30/2021 11:20:24 AM"
"HE1T92BD3D","9/30/2021 11:20:24 AM"
"HEJ09VSG2L","9/30/2021 11:20:24 AM"
"HE1LWPYM2L","9/30/2021 11:20:24 AM"
"SIGNATUREN51M2","9/30/2021 11:20:24 AM"
"HE3067FB3L","9/30/2021 11:20:24 AM"
"HE6PC8DV2D","9/30/2021 11:20:24 AM"
"HE7TM9RQ2L","9/30/2021 11:20:24 AM"
"HE88X5TG2L","11/18/2021 12:12:19 PM"
"SIGNATUREJNGM2","11/18/2021 12:12:19 PM"
"HEGXJ5QV2L","11/13/2021 8:52:49 AM"
"HE6PB7DV2D","11/13/2021 8:52:49 AM"
"HE1YTJ0S2D","11/13/2021 8:52:49 AM"
"HE1YKM0S2D","11/13/2021 8:52:49 AM"
"HE65KFJM2L","11/13/2021 8:52:49 AM"
"HE5X5BTG2L","9/28/2021 11:40:08 AM"
"HEGFWBZV2D","9/28/2021 11:40:08 AM"
"HE3C7N7Y2L","9/28/2021 11:40:08 AM"
"HEG0W8VT2L","10/19/2021 6:16:20 PM"
"HEDW1YSG2L","11/13/2021 8:17:23 AM"
"HE13J5QH2L","11/13/2021 8:17:23 AM"
"GB-O365-TST2","11/13/2021 8:17:23 AM"
"HE4KGZGM2L","11/16/2021 1:05:44 AM"
"HE97J5QH2L","11/5/2021 4:31:27 PM"
"HE1YZG0S2D","11/5/2021 4:31:27 PM"
"HE738BTG2L","11/5/2021 4:31:27 PM"
"HE5LTSA41932L","11/5/2021 4:31:27 PM"
"HEJM26TG2L","11/5/2021 4:31:27 PM"
"HEJ316QH2L","11/18/2021 11:55:11 AM"
"HE2W69TG2L","11/18/2021 11:55:11 AM"
"HE1YSD0S2D","11/1/2021 10:45:01 AM"
"HEGKVNPX2D","11/1/2021 10:45:01 AM"
"HE-HMGY5G3","11/18/2021 1:04:33 PM"
"HE3WK23W2D","11/18/2021 1:04:33 PM"
"HE20VPDW2D","11/18/2021 1:04:33 PM"
"HE1YTH0S2D","11/18/2021 1:04:33 PM"
"HEB878QQ2L","11/18/2021 1:04:33 PM"
"HEFGG1ZX2L","11/17/2021 2:05:26 PM"
"HE20XNDW2D","11/17/2021 2:05:26 PM"
"HEH4TRSG2L","11/18/2021 11:53:15 AM"
"HE2BPPYM2L","11/18/2021 11:53:15 AM"
"HEF42ZYW2L","11/18/2021 11:53:15 AM"
"HEBHX4Z23D","11/18/2021 11:53:15 AM"
"HEFFD57P2D","11/18/2021 11:53:15 AM"
"HEBLKGSN2L","11/18/2021 11:53:15 AM"
"HE1YYJ0S2D","11/18/2021 11:53:15 AM"
"HEGKYPPX2D","11/18/2021 11:53:15 AM"
"HE3JSFYX2L","11/18/2021 11:53:15 AM"
"HE-3CWN7G3","11/18/2021 1:12:28 PM"
"HE5GB4TG2L","11/18/2021 1:37:58 PM"
"HE-GDRY5G3","11/18/2021 1:38:06 PM"
"HEH01JSN2L","11/18/2021 1:38:06 PM"
"HEGKTTPX2D","11/18/2021 1:38:06 PM"
"HEB5YLCS2D","11/18/2021 1:38:06 PM"
"HE5MDFJR2L","11/18/2021 12:56:15 PM"
"HE2RNW7M2L","11/18/2021 12:56:15 PM"
"HE441XYW2L","11/18/2021 12:56:15 PM"
"HEC7X5TG2L","11/17/2021 7:29:44 PM"
"HEGWFGMV2L","11/17/2021 7:29:44 PM"
"TST-IS-CVM06","11/17/2021 7:29:44 PM"
"HEFDKVYW2L","10/1/2021 4:39:32 AM"
"HEBM3Z5Y2L","10/1/2021 4:39:32 AM"
"HE1YSJ0S2D","10/1/2021 4:39:32 AM"
"HE9HMY7X2D","10/25/2021 10:17:46 AM"
"HE8BDQ7S2L","10/25/2021 10:17:46 AM"
"HEBC6WHR2L","10/25/2021 10:17:46 AM"
"HEC28HTG2L","10/25/2021 10:17:46 AM"
"HE30V0YM2D","10/25/2021 10:17:46 AM"
"HECP1XSG2L","10/1/2021 10:06:48 AM"
"HE1RFXSQ2L","10/1/2021 10:06:48 AM"
"HEJJXX3H2L","10/1/2021 6:45:39 AM"
"HEDW1YSG2L","10/1/2021 6:45:39 AM"
"HE2JFFTG2L","10/1/2021 6:45:39 AM"
"HE37ML5S2L","9/30/2021 1:35:11 PM"
"HE281QM93D","9/30/2021 1:35:11 PM"
"HEC22SSG2L","11/18/2021 12:55:05 PM"
"HE6PBBDV2D","11/18/2021 12:55:05 PM"
"HEDC63453L","11/18/2021 12:55:05 PM"
"HE8F56QH2L","11/18/2021 12:55:05 PM"
"HE9HJV7X2D","11/18/2021 12:55:05 PM"
"HEGFVDZV2D","11/18/2021 12:55:05 PM"
"HE1YXF0S2D","11/18/2021 12:55:05 PM"
"HE9188FB3L","11/8/2021 10:40:13 AM"
"HEJJMD9H2L","11/5/2021 10:01:36 AM"
"HEC37BTG2L","11/18/2021 12:22:33 PM"
"HE661QM93D","11/18/2021 12:22:33 PM"
"HEF4YDTG2L","9/17/2021 1:38:54 PM"
"HE7HKGMV2L","9/17/2021 1:38:54 PM"
"HEDW7XSG2L","10/21/2021 10:19:46 AM"
"HEHK71FW2D","10/21/2021 10:19:46 AM"
"HE895RSG2L","9/21/2021 10:33:30 AM"
"TST-IS-CVM07","9/21/2021 10:33:30 AM"
"HEGLMNRQ2L","11/17/2021 6:14:10 PM"
"HEHK62FW2D","9/17/2021 4:08:22 PM"
"HE20VNDW2D","9/17/2021 4:08:22 PM"
"HE4WXL5S2L","11/18/2021 12:24:28 AM"
"HEJFDR9H2L","11/18/2021 12:24:28 AM"
"HE1Y8D0S21D","11/18/2021 12:24:28 AM"
"HE2NPBDW2D","11/18/2021 12:24:28 AM"
"HE8S3Y7X2D","11/18/2021 12:24:28 AM"
"SIGNATUREXRGM2","11/18/2021 12:24:28 AM"
"HEMJ03FMCHD","11/18/2021 12:24:28 AM"
"HEHK40FW2D","11/18/2021 12:24:28 AM"
"HEBHJ5QH2L","11/18/2021 12:24:28 AM"
"HE648HTG2L","10/4/2021 9:59:55 PM"
"HE3JKCYX2L","11/11/2021 9:26:18 PM"
"HECRW6XK2D","11/17/2021 2:58:09 PM"
"HEGJV93Y2D","11/17/2021 2:58:09 PM"
"HECVQDTG2L","10/1/2021 8:34:21 AM"
"HE9HJT7X2D","11/18/2021 11:06:18 AM"
"HEBCX6GQ2D","10/24/2021 4:32:39 AM"
"HEGFVGZV2D","10/24/2021 4:32:39 AM"
"HEGT7LDW2D","10/24/2021 4:32:39 AM"
"HEPC08DXK7L","11/15/2021 11:30:54 AM"
"HEGG3Q0M2D","11/15/2021 11:30:54 AM"
"HEJ8Z3DD2D","11/15/2021 11:30:54 AM"
"HE9GYWSG2L","11/15/2021 11:30:54 AM"
"HE9HQT7X2D","11/16/2021 6:06:51 PM"
"HE9JKVSG2L","11/17/2021 10:37:56 AM"
"HE30VR8N2D","11/16/2021 3:57:16 PM"
"HEGKH73Y2D","11/16/2021 3:57:16 PM"
"HE20WLDW2D","11/16/2021 3:57:16 PM"
"HEGKYTPX2D","11/6/2021 8:28:57 AM"
"HE89HVVT2L","11/6/2021 8:28:57 AM"
"HEJM3W3X2L","11/6/2021 8:28:57 AM"
"HE2W5BTG2L","10/5/2021 8:19:14 PM"
"HE8F99TG2L","11/17/2021 1:20:23 AM"
"HEJ0YVYW2L","11/18/2021 10:34:41 AM"
"HE-6BV2RN2","11/18/2021 10:34:41 AM"
"HE6MWG7Y2L","11/18/2021 10:34:41 AM"
"HEBX3PYX2L","11/18/2021 10:34:22 AM"
"HEBNDXSG2L","11/18/2021 1:36:24 PM"
"HE9PQ3JR2L","11/18/2021 1:36:24 PM"
"HE1W8YVT2L","11/18/2021 1:36:24 PM"
"HEGKZNPX2D","11/18/2021 1:36:24 PM"
"HEDVSJ5S2L","11/18/2021 1:36:24 PM"
"HEGFTGZV2D","11/18/2021 1:36:24 PM"
"HE5NBM4D3L","11/18/2021 1:36:24 PM"
"HECZ7H7Y2L","9/29/2021 2:04:21 PM"
"HEDV27FF3D","9/29/2021 2:04:21 PM"
"HE3063TG2L","9/28/2021 10:29:25 AM"
"SIGNATUREXRGM2","9/28/2021 10:29:25 AM"
"HE2CFBSQ23L","9/28/2021 10:29:25 AM"
"HE1R3WYW2L","10/26/2021 12:24:36 AM"
"HEJW5BTG21L","11/18/2021 11:38:26 AM"
"HE1Q1DQV2L","11/18/2021 11:38:26 AM"
"HEGKTQPX2D","11/18/2021 11:38:26 AM"
"HEHT1RMH2L","11/18/2021 10:36:15 AM"
"HEGJRTPX2D","11/18/2021 10:36:15 AM"
"HEGJTRPX2D","9/30/2021 5:42:23 PM"
"HE1YGD0S2D","9/30/2021 5:42:23 PM"
"HE7WQ3JR21L","9/30/2021 5:42:23 PM"
"HEJ4V0FX2D","9/30/2021 6:13:28 PM"
"HEDQS5QH2L","9/30/2021 6:13:28 PM"
"HE7PZ3N83D","11/18/2021 8:39:24 AM"
"HE15XZ6S2L","11/18/2021 8:39:24 AM"
"HE20XMDW2D","11/18/2021 8:39:24 AM"
"HEHK55FW2D","9/19/2021 7:49:43 AM"
"HEGW7XSG2L","11/3/2021 1:17:33 PM"
"HE7JXNQN2L","11/3/2021 1:17:33 PM"
"HE1YHF0S2D","11/3/2021 1:17:33 PM"
"HE7RXQ0S2D","11/3/2021 1:17:33 PM"
"HEGT7NDW2D","11/3/2021 1:17:33 PM"
"HE92MXSQ2L1","11/3/2021 1:17:33 PM"
"HE96GSNH2L","11/3/2021 1:17:33 PM"
"HE56NFSN2L","9/16/2021 3:58:33 PM"
"HEF8VVYX2L","9/16/2021 3:58:33 PM"
"HE36CRDW2D","9/16/2021 3:58:33 PM"
"HEC0SDTG2L","11/17/2021 10:43:13 PM"
"HEJ1NGMV2L","11/16/2021 3:06:43 PM"
"HEHYYF7Y2L","11/18/2021 1:38:04 PM"
"HE7VQXP13L","11/18/2021 1:38:04 PM"
"HE9HNS7X2D","11/18/2021 1:38:04 PM"
"HEGL0RPX2D","11/18/2021 1:38:04 PM"
"HE36CVDW2D","11/18/2021 1:38:04 PM"
"HE9HPW7X2D","11/18/2021 1:38:04 PM"
"HE837BTG2L","11/18/2021 1:26:24 PM"
"HEFJSFYX2L","11/18/2021 1:26:24 PM"
"HE2HK4TG2L","11/18/2021 6:34:59 AM"
"HE9HMW7X2D","11/18/2021 6:34:59 AM"
"HE5BMVLH2L","11/18/2021 6:34:59 AM"
"HE8N7BTG2L","11/18/2021 1:11:18 PM"
"HEGHHCQV2L","11/18/2021 1:11:18 PM"
"HE-6D4K6G3","11/9/2021 5:19:19 PM"
"SIGNATUREGYBC","11/9/2021 5:19:19 PM"
"HE9T1DQV2L","11/9/2021 5:19:19 PM"
"HE369WDW2D","11/9/2021 5:19:19 PM"
"HEGG0Q0M2D","11/9/2021 5:19:19 PM"
"HEDC0QGL2L","11/9/2021 5:19:19 PM"
"HEGKY73Y2D","11/9/2021 5:19:19 PM"
"HEGXCXPV2L","10/1/2021 5:59:44 AM"
"HEGM7BTG2L","11/15/2021 1:48:09 PM"
"HE3YMFSN2L","11/15/2021 1:48:09 PM"
"HECCC5QV2L","11/15/2021 1:48:09 PM"
"HEGFV9ZV2D","11/15/2021 1:48:09 PM"
"HEGT8RDW2D","9/30/2021 6:11:09 AM"
"HEB5RRLQ2L","9/30/2021 6:11:09 AM"
"HE78J5QH2L","9/30/2021 6:11:09 AM"
"HEHV5DVT2L","9/30/2021 6:11:09 AM"
"HE2FDWSG2L","9/30/2021 6:11:09 AM"
"HE1YPL0S2D","9/30/2021 6:11:09 AM"
"HE-91J57Y2","11/10/2021 9:53:46 AM"
"HE9HPR7X2D","11/10/2021 9:53:46 AM"
"HE61YVSG2L","11/10/2021 9:53:46 AM"
"HE-3FS37G3","11/18/2021 1:36:56 PM"
"HE4MNDTG2L","10/5/2021 5:37:54 PM"
"HECX64L33L","10/5/2021 5:37:54 PM"
"HEJ28GZB3D","10/5/2021 5:37:54 PM"
"HEDRL71N2L","9/16/2021 4:07:04 PM"
"HEF6D6L33L","11/18/2021 9:50:45 AM"
"HEBZX89Y2L","11/18/2021 9:50:45 AM"
"HE8S2T7X2D","11/18/2021 9:50:45 AM"
"HE7GYWSG2L","11/9/2021 11:25:11 AM"
"HE1YDG0S2D","11/9/2021 11:25:11 AM"
"HEBB6WHR2L","11/9/2021 11:25:11 AM"
"HEJ48SNN2L","11/18/2021 10:09:53 AM"
"HEH38HTG2L","11/18/2021 10:09:53 AM"
"HEGKVSPX2D","11/18/2021 1:36:26 PM"
"HED4TRSG2L","11/18/2021 12:58:28 PM"
"HE1ZQDTG2L","11/18/2021 12:36:25 PM"
"HE1Z0D0S2D","11/18/2021 12:36:25 PM"
"HE5QY3453L","11/18/2021 11:37:16 AM"
"HE1YWL0S2D","11/18/2021 11:37:16 AM"
"HEGG5S0M2D","11/18/2021 11:37:16 AM"
"HEBHX0Z23D","11/18/2021 11:37:16 AM"
"HED8JRDW2D","11/18/2021 11:37:16 AM"
"HE1YQC0S2D","11/18/2021 11:37:16 AM"
"HECJJPRQ2L","11/18/2021 11:37:16 AM"
"HEDHG1ZX2L","11/18/2021 11:37:16 AM"
"HE-BWHF6G3","11/18/2021 11:51:07 AM"
"HEBJFNTN2L","11/18/2021 11:51:07 AM"
"HEBD3MCS2D","11/13/2021 5:59:50 AM"
"HE2RNV7M2L","11/13/2021 5:59:50 AM"
"HE7ZCXPV2L","11/18/2021 11:34:28 AM"
"HE5HTSA18218L","11/18/2021 11:34:28 AM"
"HEJNY56S2L","11/18/2021 11:34:28 AM"
"HE-D1L37G3","11/18/2021 11:34:28 AM"
"HE1YTG0S2D","11/18/2021 11:34:28 AM"
"HE1DJ9Q73L","11/18/2021 11:34:28 AM"
"HE5WDRHR2L","11/18/2021 11:34:28 AM"
"HEF81BQV2L","11/9/2021 11:35:43 AM"
"HE67D9QH2L","10/1/2021 11:43:41 AM"
"HE9HJY7X2D","10/1/2021 11:43:41 AM"
"HEJ8Z26K2D","11/14/2021 1:48:00 PM"
"HEBV69TG2L","10/6/2021 11:35:40 AM"
"HE4CLZ5M2L","10/6/2021 11:35:40 AM"
"HEJJ2D6Y2L","10/24/2021 3:01:36 PM"
"HE67NFSN2L","11/18/2021 8:08:12 AM"
"HEH4FDCP2D","11/18/2021 8:08:12 AM"
"HECJSF7Y2L","11/18/2021 8:08:12 AM"
"HEGFTBZV2D","11/18/2021 8:08:12 AM"
"HE8888FB3L","11/18/2021 8:08:12 AM"
"HE6NP5QH2L","11/18/2021 8:08:12 AM"
"HE3WK33W2D","11/18/2021 8:08:12 AM"
"TST-IS-CVM05","11/18/2021 8:08:12 AM"
"HE92FHJM2L","11/18/2021 8:08:12 AM"
"HE9HQW7X2D","11/18/2021 8:08:12 AM"
"HE1YPC0S2D","11/18/2021 8:08:12 AM"
"HE20TQDW2D","11/18/2021 8:08:12 AM"
"HEHW3PYX2L","11/18/2021 11:56:12 AM"
"HE8CCYMH2L","11/18/2021 11:56:12 AM"
"SAP-WKSTN-01","11/18/2021 11:56:12 AM"
"HE1YTL0S2D","11/18/2021 11:56:12 AM"
"HE81ZF7Y2L","11/18/2021 11:56:12 AM"
"HE9MM47P2D","11/18/2021 11:56:12 AM"
"HEFCJ97P2D","11/18/2021 11:56:12 AM"
"HE2W1YSG2L","10/28/2021 3:06:47 PM"
"SIGNATUREG31M2","10/28/2021 3:06:47 PM"
"HE85PRYX2L","11/18/2021 11:43:10 AM"
"SIGNATURE6Y7N2","11/18/2021 11:43:10 AM"
"HE6P7CDV2D","11/16/2021 4:53:05 PM"
"HEH65QSG2L","11/18/2021 12:48:23 PM"
"HEDLQ8FB3L","11/11/2021 4:44:10 PM"
"HE7M0HTG2L","11/16/2021 4:08:03 PM"
"HE27YDTG2L","11/16/2021 4:08:03 PM"
"HE51Y2NH2L","11/16/2021 4:08:03 PM"
"HE1YPF0S2D","11/16/2021 4:08:03 PM"
"HE5Z3PYX2L","10/5/2021 10:22:49 AM"
"SIGNATURE967J2","10/5/2021 10:22:49 AM"
"HE6FTSA69388L","10/5/2021 10:22:49 AM"
"HE5XGRSG2L","10/20/2021 2:41:47 PM"
"HEB98SMQ2L","11/16/2021 2:23:46 PM"
"HE2NNDDW2D","11/16/2021 2:23:46 PM"
"HE20VMDW2D","11/16/2021 2:23:46 PM"
"HEGL1SPX2D","11/16/2021 2:23:46 PM"
"HE21QG7Y2L","11/16/2021 2:23:46 PM"
"HEBDVYVT2L","11/14/2021 5:23:24 PM"
"HEJ4YWDX2D","11/14/2021 5:23:24 PM"
"HEFFT47P2D","11/14/2021 5:23:24 PM"
"HE1VF4QH2L","11/14/2021 5:23:24 PM"
"HE1PHNG92L","11/5/2021 9:00:37 AM"
"HE8CHWPV2L","11/18/2021 10:38:10 AM"
"HEB63TQN2L","11/18/2021 10:38:10 AM"
"HEH5QGMR2D","11/18/2021 10:38:10 AM"
"HEGJVTPX2D","11/18/2021 10:38:10 AM"
"HEJR9PTG2L","11/17/2021 7:38:05 AM"
"HEGKV63Y2D","11/17/2021 7:38:05 AM"
"HE7ZRDTG2L","9/21/2021 9:57:48 AM"
"HE36BYDW2D","9/21/2021 9:57:48 AM"
"HEJ4Y2FX2D","9/21/2021 9:57:48 AM"
"HEG95RSG2L","9/30/2021 4:39:50 PM"
"HE9HLT7X2D","9/30/2021 4:39:50 PM"
"HEHVDVSG2L","9/27/2021 5:18:07 AM"
"HE1NT5GQ2D","9/27/2021 5:18:07 AM"
"HEGKYVPX2D","9/27/2021 5:18:07 AM"
"HE9GNKHM2L","9/27/2021 5:18:07 AM"
"HEGJVSPX2D","9/27/2021 5:18:07 AM"
"HE6QGCVT2L","11/16/2021 4:52:27 PM"
"HE1YPH0S2D","11/16/2021 4:52:27 PM"
"HE6P98DV2D","11/16/2021 4:52:27 PM"
"HE3T1DQV2L","10/29/2021 7:01:34 AM"
"HEG8CD3X2L","10/29/2021 7:01:34 AM"
"HECRW8XK2D","11/10/2021 4:43:33 PM"
"HE5KTSA38537L","11/16/2021 9:46:01 PM"
"HE37YPSG2L","11/16/2021 9:46:01 PM"
"HE158BTG2L","11/18/2021 10:13:44 AM"
"HE6HG1ZX2L","11/18/2021 10:13:44 AM"
"TST-IS-CVM01","11/18/2021 10:13:44 AM"
"HE1KZJ5S2L","11/18/2021 10:13:44 AM"
"HEGKYNPX2D","11/18/2021 10:13:44 AM"
"HE7T8W5S2L","11/18/2021 10:13:44 AM"
"HE2J09RV2L","11/18/2021 10:13:44 AM"
"HE2JSFYX2L","10/1/2021 6:49:17 AM"
"HEBWRDTG2L","10/5/2021 1:27:11 PM"
"HE5HTSA18194L","10/5/2021 1:27:11 PM"
"HED8HXDW2D","10/5/2021 1:27:11 PM"
"HE1YXJ0S2D","10/5/2021 1:27:11 PM"
"HEJHFFTG2L","11/18/2021 12:18:39 PM"
"HEDTR3453L","11/18/2021 12:18:39 PM"
"HEGTQDTG2L","11/18/2021 8:42:44 AM"
"HE7QFBMQ2L","11/2/2021 7:45:48 AM"
"HE7B6TCP2D","11/2/2021 7:45:48 AM"
"HEJ588TG2L","11/2/2021 7:45:48 AM"
"HE3V00TG2L","11/2/2021 7:45:48 AM"
"HEG7WFWT2L","10/1/2021 12:01:17 PM"
"HE1YFJ0S2D","10/1/2021 12:01:17 PM"
"HE99VVYX2L","10/1/2021 12:01:17 PM"
"HEHK4ZDW2D","10/1/2021 12:01:17 PM"
"HE36BVDW2D","10/1/2021 12:01:17 PM"
"HEB9RVYW2L","10/1/2021 12:01:17 PM"
"HEC4MXSQ2L","10/1/2021 10:38:10 PM"
"HE4JFFTG2L","10/1/2021 10:38:10 PM"
"HE8WQDTG2L","11/17/2021 4:21:15 PM"
"HE-89KG3B3","11/17/2021 4:21:15 PM"
"HEGJVQPX2D","9/30/2021 3:27:16 PM"
"HEB5PXXM2D","9/30/2021 3:27:16 PM"
"HE9BTTC14696L","11/18/2021 1:20:23 PM"
"HEGKTRPX2D","11/18/2021 1:20:23 PM"
"HEFSNWMF2L","11/11/2021 5:50:55 PM"
"HE721LHM2L","11/15/2021 11:49:18 AM"
"HE487N7Y2L","11/15/2021 11:49:18 AM"
"HE1YBD0S2D","11/15/2021 11:49:18 AM"
"HE1YKK0S2D","11/15/2021 11:49:18 AM"
"HEGJVNPX2D","10/1/2021 12:23:50 PM"
"HE4P8TSG2L","11/18/2021 9:27:07 AM"
"HEBFNSYW2L","11/16/2021 12:43:05 PM"
"HEH5QDMR2D","11/16/2021 12:43:05 PM"
"SIGNATURE5YHN2","11/16/2021 12:43:05 PM"
"HE3FDKGB3L","11/16/2021 12:43:05 PM"
"HEC9X6TG2L","11/18/2021 9:03:10 AM"
"HEDNS1WP2D","11/18/2021 9:03:10 AM"
"HEGJWSPX2D","11/18/2021 9:03:10 AM"
"HE9HMV7X2D","11/18/2021 9:03:10 AM"
"HE1YXD0S2D","11/18/2021 9:03:10 AM"
"HE3RGC3M2L","11/18/2021 9:03:10 AM"
"HE5YTSSG2L","11/18/2021 11:07:24 AM"
"HE8S6T7X2D","11/8/2021 8:10:51 AM"
"HEJ3CZ3F3L","11/8/2021 8:10:51 AM"
"HEG35ZMV2L","11/8/2021 8:10:51 AM"
"HEFV5DVT2L","11/8/2021 8:10:51 AM"
"HE5L4BJL2L","11/8/2021 8:10:51 AM"
"HE91NFSN2L","11/15/2021 11:36:48 AM"
"HE3XN3JV2D","11/15/2021 11:36:48 AM"
"HE2RNY7M2D","11/15/2021 11:36:48 AM"
"HE9BTTC14633L","11/18/2021 9:19:21 AM"
"VDI-VERTEX05","11/18/2021 9:19:21 AM"
"HEC2YT5S2L","11/18/2021 9:19:21 AM"
"HEHLBSMN2D","11/18/2021 9:19:21 AM"
"HE5L4YZL2D","11/18/2021 9:19:21 AM"
"HE7R17N83D","11/18/2021 9:19:21 AM"
"HE-7FB37G3","11/18/2021 1:13:05 PM"
"HE9TQDTG2L","11/18/2021 1:13:05 PM"
"HED8KLDW2D","11/18/2021 1:13:05 PM"
"HE9QZWJM2L","11/18/2021 1:13:05 PM"
"VDI-VERTEX01","11/18/2021 1:13:05 PM"
"HEHV11R73L","11/18/2021 1:13:05 PM"
"HEGKW73Y2D","11/18/2021 1:13:05 PM"
"HEJFF8733L","11/18/2021 1:13:05 PM"
"HEB5XMCS2D","11/18/2021 1:13:05 PM"
"HEJ8Z3Z72D","11/18/2021 1:13:05 PM"
"HE8YCJQV2L","11/18/2021 1:13:05 PM"
"HEGL273Y2D","11/18/2021 1:13:05 PM"
"HE5JTSA31893L","11/18/2021 1:13:05 PM"
"HE9M667P2D","11/18/2021 1:13:05 PM"
"HEJ4YWDX2D","11/18/2021 1:13:05 PM"
"HEGJVVPX2D","9/30/2021 6:42:11 PM"
"HE7PSXZV2D","9/30/2021 6:42:11 PM"
"HE16YDTG2L","11/17/2021 1:31:21 PM"
"HEGKY63Y2D","11/17/2021 1:31:21 PM"
"HEHZDZPV2L","10/5/2021 11:48:39 AM"
"HE8ZNVMQ2L","11/17/2021 4:44:56 PM"
"HE1YLF0S2D","11/17/2021 4:44:56 PM"
"HE4DFJ5S21L","11/18/2021 9:02:39 AM"
"HE6V77MQ2L","9/30/2021 4:41:27 PM"
"HE30DXPV2L","9/30/2021 4:41:27 PM"
"HE7RWWMR2D","9/30/2021 4:41:27 PM"
"HEBNFXSQ2L","9/30/2021 4:41:27 PM"
"HE4HFFTG2L","11/4/2021 5:55:38 PM"
"HEF867TG2L","11/4/2021 5:55:38 PM"
"HEF65ZMV2L","9/24/2021 8:01:28 PM"
"HE20WKDW2D","9/24/2021 8:01:28 PM"
"HEBCW7GQ2D","9/24/2021 8:01:28 PM"
"HE1YQK0S2D","9/24/2021 8:01:28 PM"
"HE2BD9QH2L","9/24/2021 8:01:28 PM"
"HECRBRSG2L","9/28/2021 1:12:11 PM"
"HEJSVDVP2L","9/28/2021 1:12:11 PM"
"HE519VSG2L","11/18/2021 10:02:38 AM"
"HEGFVFZV2D","11/18/2021 10:02:38 AM"
"HE9R00TG2L","11/9/2021 7:44:59 AM"
"HE1YTF0S2D","11/9/2021 7:44:59 AM"
"HEHLBG7Y2L","11/9/2021 7:44:59 AM"
"HEGMDJSN2L","10/31/2021 8:22:14 PM"
"HECW7XSG2L","11/18/2021 1:12:05 PM"
"HE-1N827G3","11/18/2021 8:36:43 AM"
"HE7PSZZV2D","11/18/2021 8:36:43 AM"
"HEB716QH2L","11/18/2021 8:36:43 AM"
"HE5PR3ZX2L","11/18/2021 12:45:51 PM"
"HE6XQDTG2L","10/4/2021 1:15:48 PM"
"HE9HHX7X2D","10/4/2021 1:15:48 PM"
"HE4MH0QV2L","10/4/2021 1:15:48 PM"
"TST-IS-WINVM01","10/5/2021 11:49:02 AM"
"HED8HWDW2D","10/5/2021 11:49:02 AM"
"HE7PSYZV2D","10/5/2021 11:49:02 AM"
"HE8S2X7X2D","10/5/2021 11:49:02 AM"
